Creator | HOW TO USE THIS LIST,Form_url(Will Be Hidden),OiaSS Rating,Rated On,Community Rating,No Cloud Backup,Minor errors,Unorganized files,No renders,No slicer files,Unsupported islands,Unsupported Files,Print Failures,Major errors,Submit Rating,Last Update Time,
2moronic miniatures,https://docs.google.com/forms/d/1qVRCVtgWnYtEIndS7mRf_OCoAvHM2WkpWhIN_HilQio/edit,,,B TIER,FALSE,FALSE,FALSE,FALSE,FALSE,FALSE,FALSE,FALSE,FALSE,Click Here,11/11/2022,
2nd Dynasty,https://docs.google.com/forms/d/18IauFGF07wRkRI7PQwM-uBKe0X1w1SH5cWoi5RaypeQ/edit,,,,FALSE,FALSE,FALSE,FALSE,FALSE,FALSE,FALSE,FALSE,FALSE,Click Here,11/11/2022,
3D Print Cleric,https://docs.google.com/forms/d/1u69wy1NxOxj1tV5PfBdd5SBZ0aClFRvnum5hCLmTV3E/edit,,,,FALSE,FALSE,FALSE,FALSE,FALSE,FALSE,FALSE,FALSE,FALSE,Click Here,11/11/2022,
3DArtGuy,https://docs.google.com/forms/d/1jxdKpq-4I5S4QM1z7oIjYJ5YvCBqdT34nx1t9nGJF_A/edit,,,A TIER,FALSE,FALSE,FALSE,FALSE,FALSE,FALSE,FALSE,FALSE,FALSE,Click Here,11/11/2022,
3DeRatopsStudio,https://docs.google.com/forms/d/1mhd_MNRN1gxSKnnPKLLmwhc3ZBYZgMLSje47SlQxCdc/edit,,,,FALSE,FALSE,FALSE,FALSE,FALSE,FALSE,FALSE,FALSE,FALSE,Click Here,11/11/2022,
3DHexes,https://docs.google.com/forms/d/1BQFtImCB0cvNzwmb2VwOKFBL8LexOtdjbSRgVuCofaQ/edit,,,,FALSE,FALSE,FALSE,FALSE,FALSE,FALSE,FALSE,FALSE,FALSE,Click Here,11/11/2022,
3DRune,https://docs.google.com/forms/d/1CU-LnyJdDDDD3nidkcjNxmZN0HAGcn4c9apDjfZb-wo/edit,,,,FALSE,FALSE,FALSE,FALSE,FALSE,FALSE,FALSE,FALSE,FALSE,Click Here,11/11/2022,
Adamant Arsenal,https://docs.google.com/forms/d/1EhNmsoNlLZaU0aY3Ugm-0kuUh-CI5Fg06YWMob0bolc/edit,,,S TIER,FALSE,FALSE,FALSE,FALSE,FALSE,FALSE,FALSE,FALSE,FALSE,Click Here,11/11/2022,
Admiral Apocalypse,https://docs.google.com/forms/d/1z5sWZliVMeMfCxhLXKKuAjBJLX1WLS6ZNUCaH-SCMLI/edit,,,,FALSE,FALSE,FALSE,FALSE,FALSE,FALSE,FALSE,FALSE,FALSE,Click Here,11/11/2022,
Alphonse Marcel,https://docs.google.com/forms/d/1U4mccEn3nzsnVwNdXFvM1Qv9IMXUecULPWzrnY-KLbg/edit,,,,FALSE,FALSE,FALSE,FALSE,FALSE,FALSE,FALSE,FALSE,FALSE,Click Here,11/11/2022,
AMINI3D,https://docs.google.com/forms/d/1D5dUDeC22K2N4ltR5bGpYeorpmx__9xOkoewresQUjA/edit,,,,FALSE,FALSE,FALSE,FALSE,FALSE,FALSE,FALSE,FALSE,FALSE,Click Here,11/11/2022,
Ancient City Games,https://docs.google.com/forms/d/1kkrRN-FcvHRl0G2x83iLLnXgou2pPfMEJWfrWmOONfk/edit,,,,FALSE,FALSE,FALSE,FALSE,FALSE,FALSE,FALSE,FALSE,FALSE,Click Here,11/11/2022,
Ankylo Miniatures,https://docs.google.com/forms/d/19quPEsG57Ti0AOjh216zIYvS4p55TLwwu4bxOfX-jKM/edit,,,,FALSE,FALSE,FALSE,FALSE,FALSE,FALSE,FALSE,FALSE,FALSE,Click Here,11/11/2022,
Anvil Digital Forge,https://docs.google.com/forms/d/1ic4WE4HPLlm7YwSsK_BqYdNfJAMf6OUTktgs3_R-48k/edit,,,A TIER,FALSE,FALSE,FALSE,FALSE,FALSE,FALSE,FALSE,FALSE,FALSE,Click Here,11/11/2022,
Apache-Studio,https://docs.google.com/forms/d/13KUuRArs0SCWC6_hJ7rHS3gB3iIcuBcCqqW3PcaDY9o/edit,,,,FALSE,FALSE,FALSE,FALSE,FALSE,FALSE,FALSE,FALSE,FALSE,Click Here,11/11/2022,
Arcane Minis,https://docs.google.com/forms/d/1caoozJP6Kur8_NH5Dq5Gn2fiV4ljhNnuLLInNWA-_3M/edit,,,,FALSE,FALSE,FALSE,FALSE,FALSE,FALSE,FALSE,FALSE,FALSE,Click Here,11/11/2022,
Arcanum workshop,https://docs.google.com/forms/d/1wZnCf0dKwaCzBbZoDIS262dszVIC_awhKmxs8SoZwz4/edit,,,,FALSE,FALSE,FALSE,FALSE,FALSE,FALSE,FALSE,FALSE,FALSE,Click Here,11/11/2022,
Arcknight,https://docs.google.com/forms/d/1UNUY9uMGIXGNYoFuQGqF1kfdfq5Jx0DgUibZXZCBTak/edit,,,,FALSE,FALSE,FALSE,FALSE,FALSE,FALSE,FALSE,FALSE,FALSE,Click Here,11/11/2022,
Arminas Didziokas,https://docs.google.com/forms/d/1UHJvmGT9YaDKh7y7vuVWPLy-zsI4wXnvDrTZjwt5TPM/edit,,,,FALSE,FALSE,FALSE,FALSE,FALSE,FALSE,FALSE,FALSE,FALSE,Click Here,11/11/2022,
Artisan Guild,https://docs.google.com/forms/d/1mj2p9hDHKarOZUjaQJ_I1GdC974zMrfTQf2sIPwSA_E/edit,,,S TIER,FALSE,FALSE,FALSE,FALSE,FALSE,FALSE,FALSE,FALSE,FALSE,Click Here,11/11/2022,
Arxila,https://docs.google.com/forms/d/1hFGVLcwD0XtKjN8pTqDWATEU-Q7ZbMF8nDL1BBqzNZo/edit,,,,FALSE,FALSE,FALSE,FALSE,FALSE,FALSE,FALSE,FALSE,FALSE,Click Here,11/11/2022,
Asgard Rising Miniatures,https://docs.google.com/forms/d/17R4t0AQ8rW5gxUeiGyhYr8auDSOFL73AfzCi1_o3X5g/edit,,,S TIER,FALSE,FALSE,FALSE,FALSE,FALSE,FALSE,FALSE,FALSE,FALSE,Click Here,11/11/2022,
Astrabellum,https://docs.google.com/forms/d/1SpywxsbDJPEPLk7jNrtL3ioOLiRBO7GLcOg5m3Xmxj4/edit,,,,FALSE,FALSE,FALSE,FALSE,FALSE,FALSE,FALSE,FALSE,FALSE,Click Here,11/11/2022,
Atlan Forge,https://docs.google.com/forms/d/16PqYkBS-y3sAWgZDCLAZWmriXC-iluhTFBuu9l1E_k0/edit,,,B TIER,FALSE,FALSE,FALSE,FALSE,FALSE,FALSE,FALSE,FALSE,FALSE,Click Here,11/11/2022,
Avatars of War,https://docs.google.com/forms/d/1kwjI__-WsC6IEGJbOWUWsayMHgkGzc-O-jelk4OOIbg/edit,,,,FALSE,FALSE,FALSE,FALSE,FALSE,FALSE,FALSE,FALSE,FALSE,Click Here,11/11/2022,
Awkward Penguin's Minis,https://docs.google.com/forms/d/1Kxq-bDgjEo3EpA3rDqbCiwbKFaXVzixBaNWb2VrAR9U/edit,,,,FALSE,FALSE,FALSE,FALSE,FALSE,FALSE,FALSE,FALSE,FALSE,Click Here,11/11/2022,
Battle Yak Miniatures,https://docs.google.com/forms/d/16QKKsVWa6ffpJSLr5cEAOBfRu5SIGHdOmlk-i4xyTHY/edit,,,B TIER,FALSE,FALSE,FALSE,FALSE,FALSE,FALSE,FALSE,FALSE,FALSE,Click Here,11/11/2022,
BeastMaster Miniatures,https://docs.google.com/forms/d/1R_4kqCqrTX5gRf8NqRHAATg6649dO2TpsiY1rMlDrJ4/edit,,,,FALSE,FALSE,FALSE,FALSE,FALSE,FALSE,FALSE,FALSE,FALSE,Click Here,11/11/2022,
Beastmode Miniatures,https://docs.google.com/forms/d/1RJ3o_KXcfH0TtgM_82nxUOAWjP2X7OmpfxoQOoWybvo/edit,,,,FALSE,FALSE,FALSE,FALSE,FALSE,FALSE,FALSE,FALSE,FALSE,Click Here,11/11/2022,
Behold'ur Craft,https://docs.google.com/forms/d/1x_aQ0KE9dzFeLYZSI8Ecr0Zyr6xlxUNs9pw8Sm3Tiok/edit,,,,FALSE,FALSE,FALSE,FALSE,FALSE,FALSE,FALSE,FALSE,FALSE,Click Here,11/11/2022,
Belksasar 3D Print,https://docs.google.com/forms/d/1w9KsWY4pr1IpjFjb8dYsjYG7xrx7SFPUPwE9lk6KB-E/edit,,,,FALSE,FALSE,FALSE,FALSE,FALSE,FALSE,FALSE,FALSE,FALSE,Click Here,11/11/2022,
Bella Nacht Miniatures,https://docs.google.com/forms/d/1AmjrOXXHKBFh9HhIIexq_bjTqlAkRInccGc6c-WfEF0/edit,,,,FALSE,FALSE,FALSE,FALSE,FALSE,FALSE,FALSE,FALSE,FALSE,Click Here,11/11/2022,
Bestiarum Miniatures,https://docs.google.com/forms/d/1CDH2OTi3sILnLHs3ReAVi3QQSLsP6bAtLgB9YCinaOU/edit,,,A TIER,FALSE,FALSE,FALSE,FALSE,FALSE,FALSE,FALSE,FALSE,FALSE,Click Here,11/11/2022,
Bite the Bullet,https://docs.google.com/forms/d/1ZH7qvXPnwmSsDkU8okQrNtZVQSepfoi-eQUQiHm5XAs/edit,,,,FALSE,FALSE,FALSE,FALSE,FALSE,FALSE,FALSE,FALSE,FALSE,Click Here,11/11/2022,
Blascool Studios,https://docs.google.com/forms/d/10QjcxvrPTZJAVqoP0OPYZAbQezmf3tbMzxaYXnvcBFM/edit,,,,FALSE,FALSE,FALSE,FALSE,FALSE,FALSE,FALSE,FALSE,FALSE,Click Here,11/11/2022,
bLUARt,https://docs.google.com/forms/d/12-_gJ4EvL-ooMqZH6kIInaPMmmSA2-rcKZdgTC1Vbe4/edit,,,,FALSE,FALSE,FALSE,FALSE,FALSE,FALSE,FALSE,FALSE,FALSE,Click Here,11/11/2022,
Blue Sky Minis,https://docs.google.com/forms/d/199_MiGHanK67w0kW4mPC-1-tFMXFb6TiXobBLH-fwQU/edit,,,A TIER,FALSE,FALSE,FALSE,FALSE,FALSE,FALSE,FALSE,FALSE,FALSE,Click Here,11/11/2022,
Blue Wolf Miniatures,https://docs.google.com/forms/d/1T-7UF7MX8nf_rU6Tw2x_M-qhRQ9jG-pxKyofRP6pmjA/edit,,,,FALSE,FALSE,FALSE,FALSE,FALSE,FALSE,FALSE,FALSE,FALSE,Click Here,11/11/2022,
BlueWyvern,https://docs.google.com/forms/d/124QMiNpnVhMjzciHsNWfgsVsorplTFGyOpgP9HFvdM0/edit,,,,FALSE,FALSE,FALSE,FALSE,FALSE,FALSE,FALSE,FALSE,FALSE,Click Here,11/11/2022,
Bombshell Miniatures,https://docs.google.com/forms/d/1rtbLYpxdV8Th73EzG0e0jPA1HPBqwjO4dHbF-NRRcO0/edit,,,,FALSE,FALSE,FALSE,FALSE,FALSE,FALSE,FALSE,FALSE,FALSE,Click Here,11/11/2022,
Breachstorm,https://docs.google.com/forms/d/1Cv4YbUUCz7tSQhGkWHDnKu8d0qObgjyOeC6nKSIRGOI/edit,,,,FALSE,FALSE,FALSE,FALSE,FALSE,FALSE,FALSE,FALSE,FALSE,Click Here,11/11/2022,
Broken Anvil Monthly,https://docs.google.com/forms/d/1anG340Mljjy_10Ztp5PCqajXBJIahctA7AR3q8kpN78/edit,,,,FALSE,FALSE,FALSE,FALSE,FALSE,FALSE,FALSE,FALSE,FALSE,Click Here,11/11/2022,
Bulwark Gaming,https://docs.google.com/forms/d/1IObJOSf4Fpqh-Ua4GlnmxTDGXTAERQdLYul5ATcTVCk/edit,,,,FALSE,FALSE,FALSE,FALSE,FALSE,FALSE,FALSE,FALSE,FALSE,Click Here,11/11/2022,
C27 Minis & Terrain,https://docs.google.com/forms/d/1avK89kLU_2s74OwsJeLyiBXJtG9IBsiP7I1nZJnTioY/edit,,,,FALSE,FALSE,FALSE,FALSE,FALSE,FALSE,FALSE,FALSE,FALSE,Click Here,11/11/2022,
C2Dwellers,https://docs.google.com/forms/d/1CiXOjN9QnukEsRjdAx3bMcTTuoypz3IQIV9v-CzroDA/edit,,,,FALSE,FALSE,FALSE,FALSE,FALSE,FALSE,FALSE,FALSE,FALSE,Click Here,11/11/2022,
Caleb Makes Minis,https://docs.google.com/forms/d/1R6KPcSGmkupuZevImVx_j4PTED2GIspMLTmUzEJndO4/edit,,,,FALSE,FALSE,FALSE,FALSE,FALSE,FALSE,FALSE,FALSE,FALSE,Click Here,11/11/2022,
Caledonia Miniatures,https://docs.google.com/forms/d/1ImLeSka3JYvuyeSUHg-TTLMKsOa725qj11jrDJa7Vu8/edit,,,,FALSE,FALSE,FALSE,FALSE,FALSE,FALSE,FALSE,FALSE,FALSE,Click Here,11/11/2022,
Can Of Worms,https://docs.google.com/forms/d/1Fjd5gRsjhwlub67vm-JL-Y4lZrYB4wV8rDBo306n5DA/edit,,,,FALSE,FALSE,FALSE,FALSE,FALSE,FALSE,FALSE,FALSE,FALSE,Click Here,11/11/2022,
Cast n Play,https://docs.google.com/forms/d/1CTi5wfBGSw0H8GcpiErw0qtwhPV01CEk-ei4p0-yooI/edit,,,,FALSE,FALSE,FALSE,FALSE,FALSE,FALSE,FALSE,FALSE,FALSE,Click Here,11/11/2022,
Claudio Casini Art,https://docs.google.com/forms/d/1C9gIhjmrKkxRTCtAvjSQtJgtICM-6PGQc58lv7T902s/edit,,,,FALSE,FALSE,FALSE,FALSE,FALSE,FALSE,FALSE,FALSE,FALSE,Click Here,11/11/2022,
Clay Cyanide Miniatures,https://docs.google.com/forms/d/1N03YIDw_FOyWTpVqAvq9mYDwmIYoue86sLKOp0e-2Zk/edit,,,,FALSE,FALSE,FALSE,FALSE,FALSE,FALSE,FALSE,FALSE,FALSE,Click Here,11/11/2022,
ClayBeastCreation,https://docs.google.com/forms/d/1rHjk1Q11APBKOE_fWH4jPE16plpJ-vylu4I6kek7nGc/edit,,,,FALSE,FALSE,FALSE,FALSE,FALSE,FALSE,FALSE,FALSE,FALSE,Click Here,11/11/2022,
Claymore Miniatures,https://docs.google.com/forms/d/15xoQ5pOHCkkxUUvghJ7gsZI5nKlGrTZwjamMNWCORdw/edit,,,,FALSE,FALSE,FALSE,FALSE,FALSE,FALSE,FALSE,FALSE,FALSE,Click Here,11/11/2022,
clynche art,https://docs.google.com/forms/d/1F8x13-iXe3Iss48wqn-PmmTda7oIwlccUqxuqhDvCbk/edit,,,,FALSE,FALSE,FALSE,FALSE,FALSE,FALSE,FALSE,FALSE,FALSE,Click Here,11/11/2022,
Cobramode,https://docs.google.com/forms/d/1S2KUCJOOzfjCkNIbmC72uALvsGPDyvFP96UdZAlnY60/edit,,,,FALSE,FALSE,FALSE,FALSE,FALSE,FALSE,FALSE,FALSE,FALSE,Click Here,11/11/2022,
Codex Universalis,https://docs.google.com/forms/d/1n91OODdC4BYLYIkqBVS3_E00iVIQoO-M_ut9kpq5Dl0/edit,,,,FALSE,FALSE,FALSE,FALSE,FALSE,FALSE,FALSE,FALSE,FALSE,Click Here,11/11/2022,
Collective Studio,https://docs.google.com/forms/d/12EyXcMl1Tqgij45GsnSWRdQKJiT1zovvGD3O3AGG2wI/edit,,,,FALSE,FALSE,FALSE,FALSE,FALSE,FALSE,FALSE,FALSE,FALSE,Click Here,11/11/2022,
Colossal Miniatures,https://docs.google.com/forms/d/1164aCfM5dQ0yhi2_AFR8A6lEM0Tcg3cg0cijZEPjkfI/edit,,,,FALSE,FALSE,FALSE,FALSE,FALSE,FALSE,FALSE,FALSE,FALSE,Click Here,11/11/2022,
Combat Octopus,https://docs.google.com/forms/d/1HcC5C58fLzEYOohFvrj-wsP9oSuF7xTf1gS3G6PBo5U/edit,,,,FALSE,FALSE,FALSE,FALSE,FALSE,FALSE,FALSE,FALSE,FALSE,Click Here,11/11/2022,
Comet Lord Miniatures,https://docs.google.com/forms/d/1QzygOuTwB92of3jd8CV-aw3GpHVvrsD42dHF6yoLSxc/edit,,,,FALSE,FALSE,FALSE,FALSE,FALSE,FALSE,FALSE,FALSE,FALSE,Click Here,11/11/2022,
Commissar Gamza,https://docs.google.com/forms/d/1l2M6ffatbWxozPcmO0rogv9bZctYZMkkPPlUgs_XV1A/edit,,,,FALSE,FALSE,FALSE,FALSE,FALSE,FALSE,FALSE,FALSE,FALSE,Click Here,11/11/2022,"https://youtu.be/CmyI5LtBUew - I haven't rated this one here because I worked with Commissar Gamza's Patreon after this review and helped presupport and package up the releases for a period of 4 months (including redoing the models from the video), and so would need to revisit the subscription in future to make a rating."
Crippled Gοd Foundry,https://docs.google.com/forms/d/1y2WJh9d1PhUFrDRl5L0bFrHME6K-lv1oU7smgZAIP9w/edit,,,,FALSE,FALSE,FALSE,FALSE,FALSE,FALSE,FALSE,FALSE,FALSE,Click Here,11/11/2022,
Cripta Studios,https://docs.google.com/forms/d/1VeRytuKb4ok7PfTpg8MXDI5xm4u3sIqzQoLo6AwhUQs/edit,,,,FALSE,FALSE,FALSE,FALSE,FALSE,FALSE,FALSE,FALSE,FALSE,Click Here,11/11/2022,
Cromarty Forge,https://docs.google.com/forms/d/1eavoJ3biiUU_BbzU2JgA9ZGQrfHaXYodsvBHTWFWQbs/edit,,,,FALSE,FALSE,FALSE,FALSE,FALSE,FALSE,FALSE,FALSE,FALSE,Click Here,11/11/2022,
Crosslances,https://docs.google.com/forms/d/14ghshV9eueUXPkWiz2XRQC6eXTx-4eFzrrdlZjFJT1E/edit,,,,FALSE,FALSE,FALSE,FALSE,FALSE,FALSE,FALSE,FALSE,FALSE,Click Here,11/11/2022,
CrowDesign3D,https://docs.google.com/forms/d/1cRccfcabb8WQkirNjbMK7CVSs-8ZjXyzdSzN2UmpJQw/edit,,,,FALSE,FALSE,FALSE,FALSE,FALSE,FALSE,FALSE,FALSE,FALSE,Click Here,11/11/2022,
Crucible of Games,https://docs.google.com/forms/d/1nia2T6z3wV0-CFMjtJtCAk3BQNgV6CcraEP9TJFSw-k/edit,,,,FALSE,FALSE,FALSE,FALSE,FALSE,FALSE,FALSE,FALSE,FALSE,Click Here,11/11/2022,
Cursed Forge Miniatures,https://docs.google.com/forms/d/1Fr6CPbGTh7_BqEeZ2sVMXTLAhquHqUm-HARFJMfwifk/edit,,,,FALSE,FALSE,FALSE,FALSE,FALSE,FALSE,FALSE,FALSE,FALSE,Click Here,11/11/2022,
Cyber-Forge Miniatures,https://docs.google.com/forms/d/1dKefDwCEHr7B_HgOXJiVXx15VtZF73_86qVW9qcpXC8/edit,B TIER,15/10/22,,FALSE,TRUE,FALSE,TRUE,FALSE,TRUE,TRUE,TRUE,FALSE,Click Here,11/11/2022,https://youtu.be/95GXEVEL0Q0
DakkaDakkaStore,https://docs.google.com/forms/d/1uW3iv_kaWruaqjNFT1koL0UWOP2TnyHzs8ceiVsEu-Q/edit,,,,FALSE,FALSE,FALSE,FALSE,FALSE,FALSE,FALSE,FALSE,FALSE,Click Here,11/11/2022,
Dalla Croce Studios,https://docs.google.com/forms/d/10S6xJdcDwJwrDK-Cwlxn-kmbqu2PalB-Y31UpSZbNOQ/edit,,,,FALSE,FALSE,FALSE,FALSE,FALSE,FALSE,FALSE,FALSE,FALSE,Click Here,11/11/2022,
Dan & Jax,https://docs.google.com/forms/d/1yQV56iLGP72zmVDzxgMMyjZJVo3QZPLoOAPN2T89LdE/edit,,,,FALSE,FALSE,FALSE,FALSE,FALSE,FALSE,FALSE,FALSE,FALSE,Click Here,11/11/2022,
Dark Fire Designs,https://docs.google.com/forms/d/1vh5GjoyT9RgexHR3yMoNuY8CDt817p4fuD1nFI8skX8/edit,,,,FALSE,FALSE,FALSE,FALSE,FALSE,FALSE,FALSE,FALSE,FALSE,Click Here,11/11/2022,
Dark Foundry Miniatures,https://docs.google.com/forms/d/1ht02dXNsI2ych06m_ZHaIP6KHBCgrjQtajpkap54po8/edit,,,,FALSE,FALSE,FALSE,FALSE,FALSE,FALSE,FALSE,FALSE,FALSE,Click Here,11/11/2022,
Dark Gods,https://docs.google.com/forms/d/1ylKu_lo2HlNymWIpznrsa4_3MGv5AJsl1EOfYyg-EoI/edit,,,S TIER,FALSE,FALSE,FALSE,FALSE,FALSE,FALSE,FALSE,FALSE,FALSE,Click Here,11/11/2022,
Darkest Desire,https://docs.google.com/forms/d/1e9nujwXRNdlKBCCGabZhb1AC8BRzD30TMu_j93xPX-I/edit,,,,FALSE,FALSE,FALSE,FALSE,FALSE,FALSE,FALSE,FALSE,FALSE,Click Here,11/11/2022,
Daybreak Miniatures,https://docs.google.com/forms/d/1aeD_U2mJQGH0pnjEvTsxgw6H9HpEs-skQJL_iVOUkks/edit,,,,FALSE,FALSE,FALSE,FALSE,FALSE,FALSE,FALSE,FALSE,FALSE,Click Here,11/11/2022,
ddd_martin miniatures,https://docs.google.com/forms/d/1zkwX1V7AIl447w57QM-x8VV89aL10bFQeRTVXmwgDTE/edit,,,,FALSE,FALSE,FALSE,FALSE,FALSE,FALSE,FALSE,FALSE,FALSE,Click Here,11/11/2022,
DecoQuest Workshop,https://docs.google.com/forms/d/1DqXU7PAvmB9qQjjZBveuBDwqxMXiahuyM93lqKwc5hs/edit,,,,FALSE,FALSE,FALSE,FALSE,FALSE,FALSE,FALSE,FALSE,FALSE,Click Here,11/11/2022,
Diverging Realm,https://docs.google.com/forms/d/1qZucMyUg9l46qpiFbBX_97g3SK9UaKcvOo6sLe1QaSs/edit,,,B TIER,FALSE,FALSE,FALSE,FALSE,FALSE,FALSE,FALSE,FALSE,FALSE,Click Here,11/11/2022,
DM Stash,https://docs.google.com/forms/d/1Ckv1Kz77a4eMJj2LiWST3VFdmxphW4Cs__1d_hlAayI/edit,,,S TIER,FALSE,FALSE,FALSE,FALSE,FALSE,FALSE,FALSE,FALSE,FALSE,Click Here,11/11/2022,
DMG Minis,https://docs.google.com/forms/d/1MnZKuvDkToLvkYrkKqN4TgEh8XjrSCoyZ2zKXdM7PzA/edit,,,S TIER,FALSE,FALSE,FALSE,FALSE,FALSE,FALSE,FALSE,FALSE,FALSE,Click Here,11/11/2022,
Double Edge Miniatures,https://docs.google.com/forms/d/19N1ZfWM4pYBeq9gLt3JB1OeQIOU1Ps3BUJNoYkLVZXw/edit,,,,FALSE,FALSE,FALSE,FALSE,FALSE,FALSE,FALSE,FALSE,FALSE,Click Here,11/11/2022,
Draco Studios,https://docs.google.com/forms/d/14l2nQqb19kf21_96BcFTQC779gsO2XgYQsATGq5NYxs/edit,,,,FALSE,FALSE,FALSE,FALSE,FALSE,FALSE,FALSE,FALSE,FALSE,Click Here,11/11/2022,
Dragon Workshop,https://docs.google.com/forms/d/1soYJ8-Nz0YlFtiVvbm-YNo5mJlwcNViZKTFxhjT_4sg/edit,,,,FALSE,FALSE,FALSE,FALSE,FALSE,FALSE,FALSE,FALSE,FALSE,Click Here,11/11/2022,
Drunken Dwarf,https://docs.google.com/forms/d/1RamtxhA5JcZfign3JaI2dV9QdFHbTiPTlW-aJM_KuV4/edit,,,,FALSE,FALSE,FALSE,FALSE,FALSE,FALSE,FALSE,FALSE,FALSE,Click Here,11/11/2022,
DrunkMagosCellar,https://docs.google.com/forms/d/1Vo1sU6kqR-wmyX-AQ6hK5-3WvTdLi1HFPhDIqFYzbpk/edit,,,B TIER,FALSE,FALSE,FALSE,FALSE,FALSE,FALSE,FALSE,FALSE,FALSE,Click Here,11/11/2022,
Duncan Shadow,https://docs.google.com/forms/d/1VIJRacMX4wtCgsM5IHjzrWARjnHuNiiEXtv597-7wj8/edit,,,A TIER,FALSE,FALSE,FALSE,FALSE,FALSE,FALSE,FALSE,FALSE,FALSE,Click Here,11/11/2022,
Dungeon Dog Miniatures,https://docs.google.com/forms/d/1g8XOuWf-VhVR2stu3i3ypVI4IxVNMzgmVxRa4vEnmNI/edit,,,,FALSE,FALSE,FALSE,FALSE,FALSE,FALSE,FALSE,FALSE,FALSE,Click Here,11/11/2022,
Dusk Realm Miniatures,https://docs.google.com/forms/d/1naU94DrafQmWKndrXbDqT-MrALTKAt7xIGV9WqzKivM/edit,,,,FALSE,FALSE,FALSE,FALSE,FALSE,FALSE,FALSE,FALSE,FALSE,Click Here,11/11/2022,
Edge Miniatures,https://docs.google.com/forms/d/1Ol6IM7_afe9LxB58AcMLD0VWv5pqtKcRIHWYJnv0Y6s/edit,,,S TIER,FALSE,FALSE,FALSE,FALSE,FALSE,FALSE,FALSE,FALSE,FALSE,Click Here,11/11/2022,
Eldritch Tabletop,https://docs.google.com/forms/d/10e9e04NeXJC_sZ2NxAMZMwVjUpXOttCARoG2GTrGYfA/edit,,,,FALSE,FALSE,FALSE,FALSE,FALSE,FALSE,FALSE,FALSE,FALSE,Click Here,11/11/2022,
enfenix,https://docs.google.com/forms/d/12iuPrFgYkjlIiMkHIJnDFypUBRyaMsjj4jkzWbmn6TA/edit,,,,FALSE,FALSE,FALSE,FALSE,FALSE,FALSE,FALSE,FALSE,FALSE,Click Here,11/11/2022,
Eons of Battle,https://docs.google.com/forms/d/1OpPdZUzc8rkKDzfZIjGZ_4RvVug8LrdIwH9Jb3lMl3c/edit,,,,FALSE,FALSE,FALSE,FALSE,FALSE,FALSE,FALSE,FALSE,FALSE,Click Here,11/11/2022,
Epic Adventure Miniatures,https://docs.google.com/forms/d/19jWDY9xgqNjQAU6RwAVj4q9_OiSPrkYYNcsnDMsVleA/edit,,,,FALSE,FALSE,FALSE,FALSE,FALSE,FALSE,FALSE,FALSE,FALSE,Click Here,11/11/2022,
Epic Miniatures,https://docs.google.com/forms/d/1cu9pZwIopz0L1J3O_wlm1cskV1v9UGhTYRsKFKp41KQ/edit,,,,FALSE,FALSE,FALSE,FALSE,FALSE,FALSE,FALSE,FALSE,FALSE,Click Here,11/11/2022,
Epics 'N' Stuffs Miniatures,https://docs.google.com/forms/d/1ZNWseEbNp2Jv8QzDC3owihfkDn9GzPPTAaDZ-wT4nlg/edit,,,,FALSE,FALSE,FALSE,FALSE,FALSE,FALSE,FALSE,FALSE,FALSE,Click Here,11/11/2022,
Eskice Miniature,https://docs.google.com/forms/d/1EqEmQD_HeVfda2L98nxEXFXJ_PqLZSEJjrwvTxte5hI/edit,,,,FALSE,FALSE,FALSE,FALSE,FALSE,FALSE,FALSE,FALSE,FALSE,Click Here,11/11/2022,
Excellent Minis,https://docs.google.com/forms/d/1kYStoB5PIQF2GuXw8BO_LEKcGPhempwgEgScDQR8iF4/edit,,,,FALSE,FALSE,FALSE,FALSE,FALSE,FALSE,FALSE,FALSE,FALSE,Click Here,11/11/2022,
Ezipion Digital Store,https://docs.google.com/forms/d/14bk60GqoWZMFVKj5dcNEyGkdOtpGE5e6cLSsbiK_-mg/edit,,,,FALSE,FALSE,FALSE,FALSE,FALSE,FALSE,FALSE,FALSE,FALSE,Click Here,11/11/2022,
Fabio,https://docs.google.com/forms/d/1na4Rd6aE7-qkYqO1TY-tJadtYHr_n0ZDp9gL2N_SPok/edit,,,,FALSE,FALSE,FALSE,FALSE,FALSE,FALSE,FALSE,FALSE,FALSE,Click Here,11/11/2022,
Fable Table,https://docs.google.com/forms/d/1VQqJcxbuQFmnwDmwkoBMOIqtsgNtGGLuSYHjXKPTXpg/edit,,,,FALSE,FALSE,FALSE,FALSE,FALSE,FALSE,FALSE,FALSE,FALSE,Click Here,11/11/2022,
Factorum Labs,https://docs.google.com/forms/d/1WwLYj5EODyz2kCHd8nbd-BX4W65a5x7OU_ZNHXbkpLw/edit,,,,FALSE,FALSE,FALSE,FALSE,FALSE,FALSE,FALSE,FALSE,FALSE,Click Here,11/11/2022,
FaeFire,https://docs.google.com/forms/d/1tKgDxG-S_TMF9xSiV0RgIOfQK4GhQilC1W9WTGadRYI/edit,,,,FALSE,FALSE,FALSE,FALSE,FALSE,FALSE,FALSE,FALSE,FALSE,Click Here,11/11/2022,
Fantastic Plants And Rocks,https://docs.google.com/forms/d/1grutVKScjsttrTJCtZc-WwEVPHsbAIxOP3bTlbwSNXQ/edit,,,,FALSE,FALSE,FALSE,FALSE,FALSE,FALSE,FALSE,FALSE,FALSE,Click Here,11/11/2022,
Fantastical Sculpts,https://docs.google.com/forms/d/1zy17ibqwpEEM7XcfDjc5SiGvaDZk3vFXXUXLQqKszjE/edit,,,,FALSE,FALSE,FALSE,FALSE,FALSE,FALSE,FALSE,FALSE,FALSE,Click Here,11/11/2022,
FatesEnd,https://docs.google.com/forms/d/1ieyZRcqps43En-6R39bYipSib2vq_d0sPrSL7wC1dI4/edit,,,,FALSE,FALSE,FALSE,FALSE,FALSE,FALSE,FALSE,FALSE,FALSE,Click Here,11/11/2022,
Feed My 3dPrinter,https://docs.google.com/forms/d/1iwFVZFJlu9FgejFF9KATb-5ruWHLJpdSFwMrJzSZhs4/edit,,,,FALSE,FALSE,FALSE,FALSE,FALSE,FALSE,FALSE,FALSE,FALSE,Click Here,11/11/2022,
Fiendslayer Games,https://docs.google.com/forms/d/191Yf5qHkXT5DWt8QrahpsftbRzKOYKjYkHY0h8_kBrM/edit,,,,FALSE,FALSE,FALSE,FALSE,FALSE,FALSE,FALSE,FALSE,FALSE,Click Here,11/11/2022,
Fish Creek 3D,https://docs.google.com/forms/d/1Zd2Ejwe1q84TG8pgnC0AJqN_ed5L3CJ6kA36LbrgwCc/edit,,,,FALSE,FALSE,FALSE,FALSE,FALSE,FALSE,FALSE,FALSE,FALSE,Click Here,11/11/2022,
Flea Market,https://docs.google.com/forms/d/17ico3Ptan2jSVp_Ywvrissz3VSB90lqJDoSbov9QHH4/edit,,,,FALSE,FALSE,FALSE,FALSE,FALSE,FALSE,FALSE,FALSE,FALSE,Click Here,11/11/2022,
Flesh of Gods Miniatures,https://docs.google.com/forms/d/1h8T6sM_fulAeffqMsfd1HF3lY4wXUDNaNOy4YHzpOzw/edit,,,,FALSE,FALSE,FALSE,FALSE,FALSE,FALSE,FALSE,FALSE,FALSE,Click Here,11/11/2022,
Forbidden Prints,https://docs.google.com/forms/d/1WjFY2jrIrAfnhH7LHd-QkDRKboSpLRSJh4hMxexireY/edit,,,,FALSE,FALSE,FALSE,FALSE,FALSE,FALSE,FALSE,FALSE,FALSE,Click Here,11/11/2022,
Forest Dragon,https://docs.google.com/forms/d/1yIyQ9vbHlFxrsbdysXoyO85YaLfXkoCMfCgHLgyG6aQ/edit,,,,FALSE,FALSE,FALSE,FALSE,FALSE,FALSE,FALSE,FALSE,FALSE,Click Here,11/11/2022,
FORG3D_MNL,https://docs.google.com/forms/d/1UCHRuykYRotcsQpaHgMmOlvU-DHtRZ4-CJzxaOqYZJw/edit,,,,FALSE,FALSE,FALSE,FALSE,FALSE,FALSE,FALSE,FALSE,FALSE,Click Here,11/11/2022,
Forged Path Miniatures,https://docs.google.com/forms/d/1RkJ_y5D_WIGkyPKOl0FCxujvEGgAi2b25lkWOn7_vv8/edit,,,,FALSE,FALSE,FALSE,FALSE,FALSE,FALSE,FALSE,FALSE,FALSE,Click Here,11/11/2022,
Forgemaster Studios,https://docs.google.com/forms/d/1aajzIhfuDx_0ID_tl5cWDvUtqEQmKJeXG6ykvYm74_0/edit,,,,FALSE,FALSE,FALSE,FALSE,FALSE,FALSE,FALSE,FALSE,FALSE,Click Here,11/11/2022,
Forward March Studios,https://docs.google.com/forms/d/13Qad-HXjPyvD9rj61xduCEHRMshQKv1p_JJmr7k9WYI/edit,,,,FALSE,FALSE,FALSE,FALSE,FALSE,FALSE,FALSE,FALSE,FALSE,Click Here,11/11/2022,
Francesca Musumeci,https://docs.google.com/forms/d/1e2vgwDFd40UZzqJ293OS3Q4hC2W5Fn6a5lrx0M_UH1Y/edit,,,,FALSE,FALSE,FALSE,FALSE,FALSE,FALSE,FALSE,FALSE,FALSE,Click Here,11/11/2022,
Gadgetworks Miniatures,https://docs.google.com/forms/d/13Y-JQEzPTCZ4tYXN_LQr-BNfzs1zQJKvMX-Z_Ip6iPM/edit,,,,FALSE,FALSE,FALSE,FALSE,FALSE,FALSE,FALSE,FALSE,FALSE,Click Here,11/11/2022,
Galaad,https://docs.google.com/forms/d/1QRHs89qhtg1XUg8Z2KmR_yeHYzN8dxYfe2mQfAjxmVw/edit,,,,FALSE,FALSE,FALSE,FALSE,FALSE,FALSE,FALSE,FALSE,FALSE,Click Here,11/11/2022,
Games Mythology,https://docs.google.com/forms/d/1FmAoJxh3n2peQaA6GmdB57krpszOBT8B7kkpkpI95b4/edit,,,,FALSE,FALSE,FALSE,FALSE,FALSE,FALSE,FALSE,FALSE,FALSE,Click Here,11/11/2022,
GameScape3D,https://docs.google.com/forms/d/1EehqoByGnmtT92YTSiJGBFuWj2g_PMen6wj_QfHSxBk/edit,,,,FALSE,FALSE,FALSE,FALSE,FALSE,FALSE,FALSE,FALSE,FALSE,Click Here,11/11/2022,
Gangfight Games,https://docs.google.com/forms/d/1_V2d5wC82hKw2raS33wF8WLJJ9CINJqBKkoJZmh-blM/edit,,,,FALSE,FALSE,FALSE,FALSE,FALSE,FALSE,FALSE,FALSE,FALSE,Click Here,11/11/2022,
Gearguts' Mekshop,https://docs.google.com/forms/d/1OnnIwIHD7PEqiX2L4E31xp8BqcIs5b2FJim8idL-qtc/edit,,,,FALSE,FALSE,FALSE,FALSE,FALSE,FALSE,FALSE,FALSE,FALSE,Click Here,11/11/2022,
Gekko Miniature,https://docs.google.com/forms/d/1MQt-o8XkgPL_XcZBb8h0tVpx62nQEk4AJqSIcXTe7Fc/edit,,,,FALSE,FALSE,FALSE,FALSE,FALSE,FALSE,FALSE,FALSE,FALSE,Click Here,11/11/2022,
GHAMAK,https://docs.google.com/forms/d/1sn3gb0d_EUjBufs77dTn1HggHRQayEA77qkZGKEXbYU/edit,,,B TIER,FALSE,FALSE,FALSE,FALSE,FALSE,FALSE,FALSE,FALSE,FALSE,Click Here,11/11/2022,
Giorgio Donato,https://docs.google.com/forms/d/1LtoHNPbG0veXarwzBWueBZFcIDRzoA2zixhH-Bxj9bM/edit,,,,FALSE,FALSE,FALSE,FALSE,FALSE,FALSE,FALSE,FALSE,FALSE,Click Here,11/11/2022,
GloomyKidMinis,https://docs.google.com/forms/d/1l7pEKafaUJIAbFmFmjkKb0ejqLw0QU_VfJQf3c0ZeFk/edit,,,,FALSE,FALSE,FALSE,FALSE,FALSE,FALSE,FALSE,FALSE,FALSE,Click Here,11/11/2022,
Golden Dragon Games,https://docs.google.com/forms/d/1us2Ura-_k4rbo6p2u7nJm0UevdDDAtdoofTT_6A-87w/edit,,,,FALSE,FALSE,FALSE,FALSE,FALSE,FALSE,FALSE,FALSE,FALSE,Click Here,11/11/2022,
Goon Master Games,https://docs.google.com/forms/d/1y8m8ywIxPwiiWXxDi2xJwONF-KU8L1qH38nmrHqjvPA/edit,,,,FALSE,FALSE,FALSE,FALSE,FALSE,FALSE,FALSE,FALSE,FALSE,Click Here,11/11/2022,
Gothic Things,https://docs.google.com/forms/d/1m1N5WAW1oTNWq5seCpq6n3vDzxeTLGfvr4QGFzL7tcE/edit,,,,FALSE,FALSE,FALSE,FALSE,FALSE,FALSE,FALSE,FALSE,FALSE,Click Here,11/11/2022,
Gracewindale,https://docs.google.com/forms/d/1YReO8ifp2rp_K1Ak4VYv0WvReutlK_wloKhSUNUHapM/edit,,,,FALSE,FALSE,FALSE,FALSE,FALSE,FALSE,FALSE,FALSE,FALSE,Click Here,11/11/2022,
Great Grimoire,https://docs.google.com/forms/d/1C_Ixzc7oNwW23gBsK7inecM0lYsmWhZ4tef8AJRb8r0/edit,,,S TIER,FALSE,FALSE,FALSE,FALSE,FALSE,FALSE,FALSE,FALSE,FALSE,Click Here,11/11/2022,
Green Skin Miniatures,https://docs.google.com/forms/d/140UxEl7VG50Xcmp5uRhlTkoaX8GJ1vHxEl5StG3-UrM/edit,,,,FALSE,FALSE,FALSE,FALSE,FALSE,FALSE,FALSE,FALSE,FALSE,Click Here,11/11/2022,
Grinning God,https://docs.google.com/forms/d/1NXauF1ApbkaGrVwX6NFvBun4D5DloxZeYWknnW9Aq2k/edit,B TIER,28/05/22,,FALSE,TRUE,TRUE,FALSE,FALSE,TRUE,TRUE,TRUE,FALSE,Click Here,11/11/2022,https://youtu.be/2qMR-9CDwYA
h3LL creator,https://docs.google.com/forms/d/1X7pVcLd3WnU89VVCu2Q1jYrzyEVmuKBrQVsOW2qmPMk/edit,,,,FALSE,FALSE,FALSE,FALSE,FALSE,FALSE,FALSE,FALSE,FALSE,Click Here,11/11/2022,
Hamilton PrintWorks,https://docs.google.com/forms/d/1FlTYxrfh9SCcja7zx7U1kvmDziKawXQa6GehlmaEMX8/edit,,,,FALSE,FALSE,FALSE,FALSE,FALSE,FALSE,FALSE,FALSE,FALSE,Click Here,11/11/2022,
Hardware Studios,https://docs.google.com/forms/d/1VhXCNAwiOCmWPQejBkt1h0qLVivJkehYO-3LLTB8Cio/edit,,,,FALSE,FALSE,FALSE,FALSE,FALSE,FALSE,FALSE,FALSE,FALSE,Click Here,11/11/2022,
HarsBeeldt,https://docs.google.com/forms/d/1C7jm28J5kfSbffTfrRzMX1wKnSSA1O6UDh4CObJzslA/edit,,,,FALSE,FALSE,FALSE,FALSE,FALSE,FALSE,FALSE,FALSE,FALSE,Click Here,11/11/2022,
Helforged Miniatures,https://docs.google.com/forms/d/1KwiR0-5zyYpHR1YPzSz4kEimjzLJGdhZEp5E1-BIOz0/edit,,,A TIER,FALSE,FALSE,FALSE,FALSE,FALSE,FALSE,FALSE,FALSE,FALSE,Click Here,11/11/2022,
HERESYLAB,https://docs.google.com/forms/d/1yZKb1SsA-8A8bCDNYfVDQOZqWGteNNwMtnNYfR_SLKI/edit,,,,FALSE,FALSE,FALSE,FALSE,FALSE,FALSE,FALSE,FALSE,FALSE,Click Here,11/11/2022,
Heroes and Beasts Miniatures,https://docs.google.com/forms/d/17_X2R5J4tGM2h05HSiO2Tjpp_yWIa36ZzewBjVu81Z4/edit,,,,FALSE,FALSE,FALSE,FALSE,FALSE,FALSE,FALSE,FALSE,FALSE,Click Here,11/11/2022,
HeroSpawnSpot,https://docs.google.com/forms/d/1tzTIu9SysiQsvhFtMMYW8SzmzcVdhJ0Cg7sO8Tl2BcE/edit,,,,FALSE,FALSE,FALSE,FALSE,FALSE,FALSE,FALSE,FALSE,FALSE,Click Here,11/11/2022,
HobbyKnife Models,https://docs.google.com/forms/d/1VjPvzcOaWkr0MhnTVYj_qudcKjk9B2jTjuuGiuZXfYw/edit,,,,FALSE,FALSE,FALSE,FALSE,FALSE,FALSE,FALSE,FALSE,FALSE,Click Here,11/11/2022,
HoloMiniatures,https://docs.google.com/forms/d/1aMyccRtydjf5rdR0sFX1kDt_LijEx0_hnd_4w_7RvKE/edit,,,,FALSE,FALSE,FALSE,FALSE,FALSE,FALSE,FALSE,FALSE,FALSE,Click Here,11/11/2022,
ig,https://docs.google.com/forms/d/1btmOdqobrJQAm15MxnOrm0eOpCPmR2pTlyuKITSQWYM/edit,,,,FALSE,FALSE,FALSE,FALSE,FALSE,FALSE,FALSE,FALSE,FALSE,Click Here,11/11/2022,
II GARGOYLES STVDIO,https://docs.google.com/forms/d/1pWvWzKWu3eJkKhwB3sY09nJwqbU-j3fo4Tw7hiOjRV4/edit,,,,FALSE,FALSE,FALSE,FALSE,FALSE,FALSE,FALSE,FALSE,FALSE,Click Here,11/11/2022,
Ilhadiel,https://docs.google.com/forms/d/1je_fUu9Zj_Bb_DX7rsVyEYLcI1Nhjs50gEfXgPawmxU/edit,,,,FALSE,FALSE,FALSE,FALSE,FALSE,FALSE,FALSE,FALSE,FALSE,Click Here,11/11/2022,
Ill Gotten Games,https://docs.google.com/forms/d/1GnVJPwGbNcKQHOoHhrI_4vEkEx8dy82AOx_ygJXwD-M/edit,,,,FALSE,FALSE,FALSE,FALSE,FALSE,FALSE,FALSE,FALSE,FALSE,Click Here,11/11/2022,
Imagine Minis,https://docs.google.com/forms/d/1cGzM6svUkX4ROXE_Rkod9bdGCJ5zQ4fpBenRZc8Q9uQ/edit,,,,FALSE,FALSE,FALSE,FALSE,FALSE,FALSE,FALSE,FALSE,FALSE,Click Here,11/11/2022,
Imitation of Life Miniatures,https://docs.google.com/forms/d/1tISoC6aImWrM1T2uZvLFhObhLURwJ1nF8qbNxyMN2mU/edit,,,,FALSE,FALSE,FALSE,FALSE,FALSE,FALSE,FALSE,FALSE,FALSE,Click Here,11/11/2022,
Imp3dsion,https://docs.google.com/forms/d/1ESd6QhkJ2VnzYmc7RWziJAKK2Di8FIS7pssh99c9gSg/edit,,,,FALSE,FALSE,FALSE,FALSE,FALSE,FALSE,FALSE,FALSE,FALSE,Click Here,11/11/2022,
ImperitumArt,https://docs.google.com/forms/d/1kf8TSi1-Kkb3yW2x4e3MdtSqH6kyn7vRT42ig8BNPVE/edit,,,,FALSE,FALSE,FALSE,FALSE,FALSE,FALSE,FALSE,FALSE,FALSE,Click Here,11/11/2022,
Infinite Dimensions Games,https://docs.google.com/forms/d/1tw1MHgnXBo7UStUl59v7rl1Da3cW7RqpObEPioEtkFw/edit,,,,FALSE,FALSE,FALSE,FALSE,FALSE,FALSE,FALSE,FALSE,FALSE,Click Here,11/11/2022,
Irnkman's Minis,https://docs.google.com/forms/d/1oTLyUw-h3ccvnD62ft9ASVukcuTbbmhLDDlPRdgmFVQ/edit,,,,FALSE,FALSE,FALSE,FALSE,FALSE,FALSE,FALSE,FALSE,FALSE,Click Here,11/11/2022,
Irrational Designs,https://docs.google.com/forms/d/18KcsPGTKrbQHAVObUxZY5pFxv00K577e9A1yTMTd8t0/edit,,,,FALSE,FALSE,FALSE,FALSE,FALSE,FALSE,FALSE,FALSE,FALSE,Click Here,11/11/2022,
Isekai Heavy Industries,https://docs.google.com/forms/d/127sg2sWRrLL4h4mMAzOBVxoQ3VjBy1GIP908zh8_QLY/edit,,,,FALSE,FALSE,FALSE,FALSE,FALSE,FALSE,FALSE,FALSE,FALSE,Click Here,11/11/2022,
JKMiniatures (Jamie Korte),https://docs.google.com/forms/d/1aUv2-sI_F4IH0QTtoqIEF_fIncTigSjgJkLXQ4tS6OI/edit,,,,FALSE,FALSE,FALSE,FALSE,FALSE,FALSE,FALSE,FALSE,FALSE,Click Here,11/11/2022,
Jojoba,https://docs.google.com/forms/d/1iPKfcB764YTv1GhB-DFrJZAa_0h8fSZuWqhA8ggF51g/edit,,,,FALSE,FALSE,FALSE,FALSE,FALSE,FALSE,FALSE,FALSE,FALSE,Click Here,11/11/2022,
José Jorge Pereiro,https://docs.google.com/forms/d/17VIuKxIP3x5kQD3-E-FOWG8u5WNW3DQSej57J6aSXEM/edit,,,,FALSE,FALSE,FALSE,FALSE,FALSE,FALSE,FALSE,FALSE,FALSE,Click Here,11/11/2022,
Kaf Art Studio,https://docs.google.com/forms/d/14vITMlxItr_npy1OS5biI_kgt73FfC6b0l77Pd1Zq7k/edit,,,,FALSE,FALSE,FALSE,FALSE,FALSE,FALSE,FALSE,FALSE,FALSE,Click Here,11/11/2022,
Kaijumon,https://docs.google.com/forms/d/1YgxrgVkIaWMyyHP_AhDw8pTXnkDYeCc_XnqeXiI203k/edit,,,,FALSE,FALSE,FALSE,FALSE,FALSE,FALSE,FALSE,FALSE,FALSE,Click Here,11/11/2022,
KLT Studio,https://docs.google.com/forms/d/1ofCiECj-U61i1NRpX3gqDXXMkKIJfpw4TB4ILtNZV1k/edit,,,,FALSE,FALSE,FALSE,FALSE,FALSE,FALSE,FALSE,FALSE,FALSE,Click Here,11/11/2022,
KMFP Designs,https://docs.google.com/forms/d/1RxGhi8fEyhf8THVspHNOKX56Q-RpIqgUavnHLJ_qX6c/edit,,,,FALSE,FALSE,FALSE,FALSE,FALSE,FALSE,FALSE,FALSE,FALSE,Click Here,11/11/2022,
ktalbot (Keith Talbot),https://docs.google.com/forms/d/1uXLQdh7FQBK1nCR-P3p9HcOT9Q0xr0NyCWj_IDIRjhw/edit,,,,FALSE,FALSE,FALSE,FALSE,FALSE,FALSE,FALSE,FALSE,FALSE,Click Here,11/11/2022,
Kurpa Miniatures,https://docs.google.com/forms/d/1MYjWC5-FLRWmstJf5q4JdvyBoazi179lfpLc1qhrfVs/edit,,,,FALSE,FALSE,FALSE,FALSE,FALSE,FALSE,FALSE,FALSE,FALSE,Click Here,11/11/2022,
Kyoushuneko Miniatures,https://docs.google.com/forms/d/1ZMDr16MMAmAB5gvhyMXTEleAyBjdyAurxR0KTKzyskc/edit,,,,FALSE,FALSE,FALSE,FALSE,FALSE,FALSE,FALSE,FALSE,FALSE,Click Here,11/11/2022,
La Louve 3D,https://docs.google.com/forms/d/18NG4PdhkdjMHetOsVK-Ym7sp2Kk3UESwRDRVNm3DAE4/edit,,,,FALSE,FALSE,FALSE,FALSE,FALSE,FALSE,FALSE,FALSE,FALSE,Click Here,11/11/2022,
La Louve 3D,https://docs.google.com/forms/d/1HUwrB9GpPN37XwIjJ6nlwkV9RN9nyry6DUGNZxJQchQ/edit,,,,FALSE,FALSE,FALSE,FALSE,FALSE,FALSE,FALSE,FALSE,FALSE,Click Here,11/11/2022,
LabradoriteWolf,https://docs.google.com/forms/d/1838tcomgngAKRquglPDT8Ximv8tBes8I-JUUxcDizrE/edit,,,,FALSE,FALSE,FALSE,FALSE,FALSE,FALSE,FALSE,FALSE,FALSE,Click Here,11/11/2022,
Labyrinth Models,https://docs.google.com/forms/d/1r3KVrJ_NPOljugbd3gXdGhVrvujRowAdjXzjkRTB6h0/edit,,,,FALSE,FALSE,FALSE,FALSE,FALSE,FALSE,FALSE,FALSE,FALSE,Click Here,11/11/2022,
Laserforge Miniatures,https://docs.google.com/forms/d/1a6vlgnCr0gg4gpFIJDTgyITiDN7bRNnglwYh55E4ooQ/edit,,,,FALSE,FALSE,FALSE,FALSE,FALSE,FALSE,FALSE,FALSE,FALSE,Click Here,11/11/2022,
Lavender Devilry,https://docs.google.com/forms/d/1efD3M8tn3EjmV4S9HV9R6F77fT0fp7BNV8EjJ74xUMQ/edit,,,,FALSE,FALSE,FALSE,FALSE,FALSE,FALSE,FALSE,FALSE,FALSE,Click Here,11/11/2022,
LeesedRenfort (Landon Alumbaugh),https://docs.google.com/forms/d/1YButmsExiJG6YDp7NxEm2T5YfksuXRAVi_rPZLXKqk4/edit,,,,FALSE,FALSE,FALSE,FALSE,FALSE,FALSE,FALSE,FALSE,FALSE,Click Here,11/11/2022,
Legend Games,https://docs.google.com/forms/d/1gjHlVSZv1mhozLIvFfeow0clUug_Yf5MvsiyJcP_x1M/edit,,,,FALSE,FALSE,FALSE,FALSE,FALSE,FALSE,FALSE,FALSE,FALSE,Click Here,11/11/2022,
Liem Prefontaine,https://docs.google.com/forms/d/1MJkHpAEgS5Y_72QWIG0FbmGHhfTJMu0vO7QW7E-Ut4o/edit,,,,FALSE,FALSE,FALSE,FALSE,FALSE,FALSE,FALSE,FALSE,FALSE,Click Here,11/11/2022,
Loot Studios,https://docs.google.com/forms/d/1wdlJTkXKeGS32B4upRpVXEkMmslT0dCO1VZlvsI2Tfk/edit,,,S TIER,FALSE,FALSE,FALSE,FALSE,FALSE,FALSE,FALSE,FALSE,FALSE,Click Here,11/11/2022,
Lord of the Print,https://docs.google.com/forms/d/1w13QmqSn170LQ1_P9XjxhKPURXEjMV3WWLh0Sn_hfx4/edit,,,A TIER,FALSE,FALSE,FALSE,FALSE,FALSE,FALSE,FALSE,FALSE,FALSE,Click Here,11/11/2022,
Lord of War Miniatures,https://docs.google.com/forms/d/1BCwSpK7jFKgm0haKwxBYLshhrUNlJyCC11HMWo4rEiY/edit,,,,FALSE,FALSE,FALSE,FALSE,FALSE,FALSE,FALSE,FALSE,FALSE,Click Here,11/11/2022,
Lost Heresy Miniatures,https://docs.google.com/forms/d/1tX-F3v_2w0E6--hSDAxq2HbDAqQM-MEjMGYl_NXjWpA/edit,,,,FALSE,FALSE,FALSE,FALSE,FALSE,FALSE,FALSE,FALSE,FALSE,Click Here,11/11/2022,
Lost Hobbyist Miniatures,https://docs.google.com/forms/d/14zAMXk1rKgOsFeVN6NbKF8NQVK1KmwCXCpusKy3gvyk/edit,,,,FALSE,FALSE,FALSE,FALSE,FALSE,FALSE,FALSE,FALSE,FALSE,Click Here,11/11/2022,
Mad's Minis,https://docs.google.com/forms/d/1uzZIioavcTlDBMd3TiEC_lIs19dgfQVJ1wVz3OZplp4/edit,,,,FALSE,FALSE,FALSE,FALSE,FALSE,FALSE,FALSE,FALSE,FALSE,Click Here,11/11/2022,
Madcore,https://docs.google.com/forms/d/1UBP782QaKcMZbxSTus9Scxozw2cIYr-w66m6YJmgivo/edit,,,,FALSE,FALSE,FALSE,FALSE,FALSE,FALSE,FALSE,FALSE,FALSE,Click Here,11/11/2022,
Making Tlon,https://docs.google.com/forms/d/1LFkIpZohA4ISRDnFFvi1rCqaYWo3fyEWSEufrS4dpQs/edit,,,,FALSE,FALSE,FALSE,FALSE,FALSE,FALSE,FALSE,FALSE,FALSE,Click Here,11/11/2022,
Malicious Mini's,https://docs.google.com/forms/d/1tPpWz_zmyk2FR6Tyigozwr1P0SoaxsA5F_5zGKnP3x0/edit,,,,FALSE,FALSE,FALSE,FALSE,FALSE,FALSE,FALSE,FALSE,FALSE,Click Here,11/11/2022,
Mammoth Factory,https://docs.google.com/forms/d/1_uA164eaHpXzplxJ9l656a5yd8iyqjfykBSTXpjUy_8/edit,,,,FALSE,FALSE,FALSE,FALSE,FALSE,FALSE,FALSE,FALSE,FALSE,Click Here,11/11/2022,
Manuel Boria,https://docs.google.com/forms/d/1Jb5ncNPrFRQAbc9mNy-hD2TYrBR4z_IfawkgXQvJydw/edit,,,,FALSE,FALSE,FALSE,FALSE,FALSE,FALSE,FALSE,FALSE,FALSE,Click Here,11/11/2022,
MARTA PUNKGIRL,https://docs.google.com/forms/d/1zDesmc8dzLWS8XEeTCrbx63WwOnmaxyCdWw5eVOY-f8/edit,,,,FALSE,FALSE,FALSE,FALSE,FALSE,FALSE,FALSE,FALSE,FALSE,Click Here,11/11/2022,
Medusa Miniatures,https://docs.google.com/forms/d/1fUtSKh2ED_mn7Eq-Imy3hHDVulinuI7pwwQI8ehWy3A/edit,,,,FALSE,FALSE,FALSE,FALSE,FALSE,FALSE,FALSE,FALSE,FALSE,Click Here,11/11/2022,
Medusa Project,https://docs.google.com/forms/d/1DcO4onj0dHD_tBFtU6uViT_I7ik2EqLmMJUIy1fHc6A/edit,,,,FALSE,FALSE,FALSE,FALSE,FALSE,FALSE,FALSE,FALSE,FALSE,Click Here,11/11/2022,
Meian,https://docs.google.com/forms/d/1Rgwf4nFGQq5ms6rr11oWkRwSCUmHCdB5OXIXDjMjuF4/edit,,,,FALSE,FALSE,FALSE,FALSE,FALSE,FALSE,FALSE,FALSE,FALSE,Click Here,11/11/2022,
Mekka Miniatures,https://docs.google.com/forms/d/1sD5DHAl2CAbK2TZZr3uxvzifSUudBkK2VQtuJJZblag/edit,,,,FALSE,FALSE,FALSE,FALSE,FALSE,FALSE,FALSE,FALSE,FALSE,Click Here,11/11/2022,
MGpix,https://docs.google.com/forms/d/193h4tovpFyDzuP1DI1DdBKF6-3TCNQ34SXBiqmNZmbE/edit,,,,FALSE,FALSE,FALSE,FALSE,FALSE,FALSE,FALSE,FALSE,FALSE,Click Here,11/11/2022,
Mia Kay (M3DM),https://docs.google.com/forms/d/1auStWYdDlggeQtSwxv74vhkyG6NsKIfjhm92BFdZ-zM/edit,,,,FALSE,FALSE,FALSE,FALSE,FALSE,FALSE,FALSE,FALSE,FALSE,Click Here,11/11/2022,
Mini Flayer Miniatures,https://docs.google.com/forms/d/1vvo8nIjlr0IpiRj01ZOXVqFX2aGLgsTIXoaMeIebzjI/edit,,,,FALSE,FALSE,FALSE,FALSE,FALSE,FALSE,FALSE,FALSE,FALSE,Click Here,11/11/2022,
Mini Monster Mayhem,https://docs.google.com/forms/d/1wr2CSXOVQG_POxK3p6X2B8lbVMynUwikQwU1uZAuHfY/edit,,,,FALSE,FALSE,FALSE,FALSE,FALSE,FALSE,FALSE,FALSE,FALSE,Click Here,11/11/2022,
Miniatures Blueprint,https://docs.google.com/forms/d/1P1JYlFSQUV3FoFH7vQgnezysqaSM_JF0wurX5AH4l7A/edit,,,,FALSE,FALSE,FALSE,FALSE,FALSE,FALSE,FALSE,FALSE,FALSE,Click Here,11/11/2022,
MiniForge,https://docs.google.com/forms/d/1IpbhTiQVAgXi_nDsGB06O0PBZFimWkan0DWYRy5rnFM/edit,,,,FALSE,FALSE,FALSE,FALSE,FALSE,FALSE,FALSE,FALSE,FALSE,Click Here,11/11/2022,
MiniWorld3D,https://docs.google.com/forms/d/1Uowe_7aXOXj6mpzRnU2AFtv3ja11RXK3fCl6v3rpb5s/edit,,,,FALSE,FALSE,FALSE,FALSE,FALSE,FALSE,FALSE,FALSE,FALSE,Click Here,11/11/2022,
Minormous,https://docs.google.com/forms/d/1R707gspM61V5ev9WZyv0nOpxQxUgI1HhCVr9bBcUkbY/edit,,,,FALSE,FALSE,FALSE,FALSE,FALSE,FALSE,FALSE,FALSE,FALSE,Click Here,11/11/2022,
Miska Miniatures,https://docs.google.com/forms/d/1_DR7eyDzGgt2Hvo1SZk51f5zd6BBV7faNhsropDVKFE/edit,,,,FALSE,FALSE,FALSE,FALSE,FALSE,FALSE,FALSE,FALSE,FALSE,Click Here,11/11/2022,
Mojibake Miniatures,https://docs.google.com/forms/d/15zHpQxoaWB_-RwSmzCBUIK9XRarQ9Xn205YVRIlTmAw/edit,,,,FALSE,FALSE,FALSE,FALSE,FALSE,FALSE,FALSE,FALSE,FALSE,Click Here,11/11/2022,
Monkey's Paw Miniatures Factory,https://docs.google.com/forms/d/1wObcm4oCdD5ACc6TAufk9Q9JgMXm3eK-SU5m8XQ6ZwM/edit,,,,FALSE,FALSE,FALSE,FALSE,FALSE,FALSE,FALSE,FALSE,FALSE,Click Here,11/11/2022,
Monolith Arts,https://docs.google.com/forms/d/1lIBNhNH9QfprL0p5BRxgC9mvuXKeUe_s5L4WDgnJLHo/edit,,,,FALSE,FALSE,FALSE,FALSE,FALSE,FALSE,FALSE,FALSE,FALSE,Click Here,11/11/2022,
Monstrous Encounters,https://docs.google.com/forms/d/1Nv5Q9KNtrcp-n1CrNllavNTMHP9DGQOiGgjOdF1h-dc/edit,,,,FALSE,FALSE,FALSE,FALSE,FALSE,FALSE,FALSE,FALSE,FALSE,Click Here,11/11/2022,
Moonshine Miniatures,https://docs.google.com/forms/d/1h4QL_881OU5FVUErme3LhNJlw7lPt9hDZJ4QC141Uo8/edit,,,,FALSE,FALSE,FALSE,FALSE,FALSE,FALSE,FALSE,FALSE,FALSE,Click Here,11/11/2022,
Moose Makes Anything,https://docs.google.com/forms/d/1-s-V-90Qk92d_InFCcKj16CFjSCTFpy3lSkpkj6gXIg/edit,,,,FALSE,FALSE,FALSE,FALSE,FALSE,FALSE,FALSE,FALSE,FALSE,Click Here,11/11/2022,
Mountain Model Miniatures,https://docs.google.com/forms/d/1BuCq44S7uLL05gJmVeSQs61kWUoGSMYOsiAZIQUGzZA/edit,,,,FALSE,FALSE,FALSE,FALSE,FALSE,FALSE,FALSE,FALSE,FALSE,Click Here,11/11/2022,
MrModulork,https://docs.google.com/forms/d/16cUSK6I_sCJx4mtHYN8BCEX0WbR-qtybeTyw4P0pIAw/edit,,,A TIER,FALSE,FALSE,FALSE,FALSE,FALSE,FALSE,FALSE,FALSE,FALSE,Click Here,11/11/2022,
MTM Printworks,https://docs.google.com/forms/d/15XwdHGGerKWohOCYjpiKx9qX_PUkVkB4kLPL1jHxau8/edit,,,,FALSE,FALSE,FALSE,FALSE,FALSE,FALSE,FALSE,FALSE,FALSE,Click Here,11/11/2022,
My3DPrintForge,https://docs.google.com/forms/d/1mWK27MyVXm76bFd_CU_Wn-bM5APrWkuonCr2tK7yY7w/edit,,,,FALSE,FALSE,FALSE,FALSE,FALSE,FALSE,FALSE,FALSE,FALSE,Click Here,11/11/2022,
MyFantasyKingdom,https://docs.google.com/forms/d/18A0fR8o8z2u6IFTSxxMHU2Hy9C95oTmRYgA2LgteU6Y/edit,,,,FALSE,FALSE,FALSE,FALSE,FALSE,FALSE,FALSE,FALSE,FALSE,Click Here,11/11/2022,
MysticPigeon,https://docs.google.com/forms/d/1OM2n_McfidwR5uYOvPFixVunIqOnU42hSLzre05sCgw/edit,,,,FALSE,FALSE,FALSE,FALSE,FALSE,FALSE,FALSE,FALSE,FALSE,Click Here,11/11/2022,
Mythic Miniatures,https://docs.google.com/forms/d/11RvLyZH2W-_juPk0buaSZ1K1CR38O8SbYjaFMO4jYPE/edit,,,,FALSE,FALSE,FALSE,FALSE,FALSE,FALSE,FALSE,FALSE,FALSE,Click Here,11/11/2022,
Naga Minis,https://docs.google.com/forms/d/1HC0Cc9B8ZO3x85-aXmqsi34NL4nibt9Nqk-IVrLw2AQ/edit,,,,FALSE,FALSE,FALSE,FALSE,FALSE,FALSE,FALSE,FALSE,FALSE,Click Here,11/11/2022,
Necropunks Miniatures,https://docs.google.com/forms/d/13WTCfgdoM7tZr0MiNxGSWLS1AuHv6bp5nPImvBbopdI/edit,,,,FALSE,FALSE,FALSE,FALSE,FALSE,FALSE,FALSE,FALSE,FALSE,Click Here,11/11/2022,
nerikson (Ernest Nemirovskiy),https://docs.google.com/forms/d/12CdZAzifVSaXzufN7wV2um6fZ7V2nS0pw1lpIfHoTv0/edit,,,,FALSE,FALSE,FALSE,FALSE,FALSE,FALSE,FALSE,FALSE,FALSE,Click Here,11/11/2022,
NovaMinis,https://docs.google.com/forms/d/13RjqUI2MgHpGSVIyAeNPuiBwWBjUffS3d9MB-sQ00I4/edit,,,,FALSE,FALSE,FALSE,FALSE,FALSE,FALSE,FALSE,FALSE,FALSE,Click Here,11/11/2022,
Nuclear Firefly,https://docs.google.com/forms/d/1BTuIVmV9Sgo2S-DUZkPUyp_sEGL102o9Ve3UehhmXUc/edit,,,,FALSE,FALSE,FALSE,FALSE,FALSE,FALSE,FALSE,FALSE,FALSE,Click Here,11/11/2022,
Nutshell atelier,https://docs.google.com/forms/d/1RlY-tnR3qM8HSbtmavGQOi3MEbf3snt7BtZiosGWJAs/edit,,,,FALSE,FALSE,FALSE,FALSE,FALSE,FALSE,FALSE,FALSE,FALSE,Click Here,11/11/2022,
Ogareg Miniatures,https://docs.google.com/forms/d/1bbfz6AXgY3imRkniMLZe-kh7iEPDHhAscQesBrMZinE/edit,,,,FALSE,FALSE,FALSE,FALSE,FALSE,FALSE,FALSE,FALSE,FALSE,Click Here,11/11/2022,
One Gold Piece,https://docs.google.com/forms/d/1KtNOP_zuL1BPzv08os8Hd6orrRriVHAVsOW7HcJ4aUI/edit,,,,FALSE,FALSE,FALSE,FALSE,FALSE,FALSE,FALSE,FALSE,FALSE,Click Here,11/11/2022,
One Page Rules,https://docs.google.com/forms/d/1Z2zmVqRJ89-sQB9iaC1TrFpSRF7wLGK3qTSg0zGQoHo/edit,,,S TIER,FALSE,FALSE,FALSE,FALSE,FALSE,FALSE,FALSE,FALSE,FALSE,Click Here,11/11/2022,
Onmioji,https://docs.google.com/forms/d/1ZauSqSsP2DfzvGbPRDZp056UgpQnanvR0zgESsHGa2s/edit,,,,FALSE,FALSE,FALSE,FALSE,FALSE,FALSE,FALSE,FALSE,FALSE,Click Here,11/11/2022,
Orc King Studio,https://docs.google.com/forms/d/1QeKC-n7LCcJCweKzIFzGUSAf8BC1CjhZ3HSTtqj3mPM/edit,,,,FALSE,FALSE,FALSE,FALSE,FALSE,FALSE,FALSE,FALSE,FALSE,Click Here,11/11/2022,
Oshounaminis,https://docs.google.com/forms/d/11cUm3NwD77MFHhtIywJNmAscIQw7B7WGam1oIeDqmd0/edit,,,,FALSE,FALSE,FALSE,FALSE,FALSE,FALSE,FALSE,FALSE,FALSE,Click Here,11/11/2022,
Papsikels,https://docs.google.com/forms/d/1JOxEA7n0ojClz9x5i22sL6NIx-6quMCRPxEhuoZvLeA/edit,,,,FALSE,FALSE,FALSE,FALSE,FALSE,FALSE,FALSE,FALSE,FALSE,Click Here,11/11/2022,
Patrick Miniatures,https://docs.google.com/forms/d/1-b0lcwhqkjBdPM909MXIWh1cNfoP7cNRTU62IZ6AVNI/edit,,,,FALSE,FALSE,FALSE,FALSE,FALSE,FALSE,FALSE,FALSE,FALSE,Click Here,11/11/2022,
Pes Lukas,https://docs.google.com/forms/d/12-xZUpDHtBfAfuYMg6oghjHVaYYKLG2NN3rV1jtNbVY/edit,,,,FALSE,FALSE,FALSE,FALSE,FALSE,FALSE,FALSE,FALSE,FALSE,Click Here,11/11/2022,
PiperMakes,https://docs.google.com/forms/d/1WreufbYbwxzdd_2_uX-brm7HvX4fuDqRFrKC5fkksiY/edit,,,S TIER,FALSE,FALSE,FALSE,FALSE,FALSE,FALSE,FALSE,FALSE,FALSE,Click Here,11/11/2022,
PixelChronicleMiniatures,https://docs.google.com/forms/d/1z4no03BhTwUyM4MBipty8jCon82QyHP_uXLAUJEJ9R4/edit,,,,FALSE,FALSE,FALSE,FALSE,FALSE,FALSE,FALSE,FALSE,FALSE,Click Here,11/11/2022,
Pocket Dimension Studios,https://docs.google.com/forms/d/16OJcrrugVtuE0Dl7SazHsqYE6IfEZcDhfY_QaopMGJc/edit,,,,FALSE,FALSE,FALSE,FALSE,FALSE,FALSE,FALSE,FALSE,FALSE,Click Here,11/11/2022,
PollyGrimm,https://docs.google.com/forms/d/1GGrrIZvDo6-PUyVfvJ0hE0DlzSNdjgPFvyrPrUUmibo/edit,,,,FALSE,FALSE,FALSE,FALSE,FALSE,FALSE,FALSE,FALSE,FALSE,Click Here,11/11/2022,
Pop Minis,https://docs.google.com/forms/d/1RNHEdPajiyIj8vuGwWnrdijVzorjQ3h-6Dup5A6VwYY/edit,,,,FALSE,FALSE,FALSE,FALSE,FALSE,FALSE,FALSE,FALSE,FALSE,Click Here,11/11/2022,
Print Minis,https://docs.google.com/forms/d/1COSrXa9dA0zG_JOoLFd5GdqgV_Y0EibaVyU5al29730/edit,,,,FALSE,FALSE,FALSE,FALSE,FALSE,FALSE,FALSE,FALSE,FALSE,Click Here,11/11/2022,
Print My Minis,https://docs.google.com/forms/d/1hfZ1O7KXc8dGzmMmxUNeHObHqx6PPHBc93aeT91B8Jo/edit,,,,FALSE,FALSE,FALSE,FALSE,FALSE,FALSE,FALSE,FALSE,FALSE,Click Here,11/11/2022,
Print'N Paint Miniatures,https://docs.google.com/forms/d/177-s_MKmY7LxHpHmrbvo36DdooBhHRywuet8iqvTOZA/edit,,,,FALSE,FALSE,FALSE,FALSE,FALSE,FALSE,FALSE,FALSE,FALSE,Click Here,11/11/2022,
Printed Encounter,https://docs.google.com/forms/d/1pcg3YTiQu9daULoOAoZYlbiZw1FMQ0fSc-gqbRwmmrs/edit,B TIER,04/06/22,,TRUE,FALSE,FALSE,TRUE,FALSE,TRUE,FALSE,TRUE,FALSE,Click Here,11/11/2022,https://youtu.be/bf9ef2_qpJ8
Printed Obsession,https://docs.google.com/forms/d/10DP_-2dNKVNGz1hcNEukwnnAcD2nwWVKGpKMsJq1FPM/edit,,,,FALSE,FALSE,FALSE,FALSE,FALSE,FALSE,FALSE,FALSE,FALSE,Click Here,11/11/2022,
Printerra Studios,https://docs.google.com/forms/d/1tLsxN63rn29E_5DGFE_pAEEBjCs3iQgyYWQPrBncVIc/edit,,,,FALSE,FALSE,FALSE,FALSE,FALSE,FALSE,FALSE,FALSE,FALSE,Click Here,11/11/2022,
Printomancer,https://docs.google.com/forms/d/13jdesIne2nQmSxuVl5jrZuAlOMZdZpM56h7JXw4YaO4/edit,,,,FALSE,FALSE,FALSE,FALSE,FALSE,FALSE,FALSE,FALSE,FALSE,Click Here,11/11/2022,
PrintYourMonsters,https://docs.google.com/forms/d/18kRTpinU2ejRzuunlm-U5gkf817Bq-F7aYqXvTIb2BA/edit,,,,FALSE,FALSE,FALSE,FALSE,FALSE,FALSE,FALSE,FALSE,FALSE,Click Here,11/11/2022,
PSMiniatures,https://docs.google.com/forms/d/1KSbO7WmpdQSMvdusJhIb3JzT5YeD4Pawct0Sa6HvHww/edit,,,A TIER,FALSE,FALSE,FALSE,FALSE,FALSE,FALSE,FALSE,FALSE,FALSE,Click Here,11/11/2022,
Pudgle,https://docs.google.com/forms/d/1QFmOEBCmUNqlR4p-y9WlF-bM6omTgmB92x-R19U3eQ0/edit,,,,FALSE,FALSE,FALSE,FALSE,FALSE,FALSE,FALSE,FALSE,FALSE,Click Here,11/11/2022,
Punga Miniatures,https://docs.google.com/forms/d/1AWVAPFLo6rWtNNawKDNbM9jEvHbm8jPO9dnMQZfN78Q/edit,,,,FALSE,FALSE,FALSE,FALSE,FALSE,FALSE,FALSE,FALSE,FALSE,Click Here,11/11/2022,
Puppetswar Miniatures,https://docs.google.com/forms/d/1ZyV85wIYOkY5yI6rnl0MAGrBur8yx4VnhpGHWQkL1KY/edit,A TIER,08/11/22,,FALSE,TRUE,FALSE,FALSE,FALSE,TRUE,FALSE,FALSE,FALSE,Click Here,11/11/2022,https://youtu.be/Yh2mQrvVfhQ?t=1249
Rageous Creations,https://docs.google.com/forms/d/1gaOsu__hGzFFpv8F9IiLaVSTHcq-i9LmoqkyNmXxnMg/edit,,,,FALSE,FALSE,FALSE,FALSE,FALSE,FALSE,FALSE,FALSE,FALSE,Click Here,11/11/2022,
RavenSkull Studio,https://docs.google.com/forms/d/1IJJGcQGjycvtQ1HcuIUAxOg8wit1wrlrGRapyR8t6Es/edit,,,,FALSE,FALSE,FALSE,FALSE,FALSE,FALSE,FALSE,FALSE,FALSE,Click Here,11/11/2022,
RavenX Studios,https://docs.google.com/forms/d/1xOOkT_62mNUYBbSOrZub0D_oWkqRx_FfKQYtZJRLf44/edit,,,,FALSE,FALSE,FALSE,FALSE,FALSE,FALSE,FALSE,FALSE,FALSE,Click Here,11/11/2022,
realsteone miniatures,https://docs.google.com/forms/d/1DIuqLcumRCPmOORJ8XkANg9B89dX4whMhICWVgQ2g10/edit,,,,FALSE,FALSE,FALSE,FALSE,FALSE,FALSE,FALSE,FALSE,FALSE,Click Here,11/11/2022,
Red Clay Collectibles,https://docs.google.com/forms/d/1nKgJpO3mBEuJ4yHaCyo2_iRjg_CfX6cVOH3LvTR00CA/edit,,,,FALSE,FALSE,FALSE,FALSE,FALSE,FALSE,FALSE,FALSE,FALSE,Click Here,11/11/2022,
Red Nebular,https://docs.google.com/forms/d/159ZPOwTPKtyC4UiWZUDxVDBvXCI_2ov1340wwgViMdw/edit,,,,FALSE,FALSE,FALSE,FALSE,FALSE,FALSE,FALSE,FALSE,FALSE,Click Here,11/11/2022,
RedMakers,https://docs.google.com/forms/d/1bBUCpkF3ZDd2e3c1PAyKjNZf-WOXuR0XX7HhICIVnlY/edit,A TIER,08/11/22,S TIER,FALSE,TRUE,FALSE,TRUE,TRUE,FALSE,FALSE,FALSE,FALSE,Click Here,11/11/2022,https://youtu.be/Yh2mQrvVfhQ?t=1051
Relkavin,https://docs.google.com/forms/d/1teaCzJFqYpIglY-a90-P7HFjTHbaNxc4EfP-b3yU8BM/edit,,,,FALSE,FALSE,FALSE,FALSE,FALSE,FALSE,FALSE,FALSE,FALSE,Click Here,11/11/2022,
ResinWarfare,https://docs.google.com/forms/d/10EoZRIY413Hon1o3ov1ukY12PB_2xwJS44SP8LhSAnk/edit,,,,FALSE,FALSE,FALSE,FALSE,FALSE,FALSE,FALSE,FALSE,FALSE,Click Here,11/11/2022,
RG sculpt,https://docs.google.com/forms/d/1Bxt3BIHRrFDHyLBdWbcSk33x9w5XaeNf3EXAsHkRm1s/edit,,,,FALSE,FALSE,FALSE,FALSE,FALSE,FALSE,FALSE,FALSE,FALSE,Click Here,11/11/2022,
Ritual Casting,https://docs.google.com/forms/d/1TlaisO_g7_cn238r9WU4IlEHfbhdM4ZXPIG2CBGSmGk/edit,,,,FALSE,FALSE,FALSE,FALSE,FALSE,FALSE,FALSE,FALSE,FALSE,Click Here,11/11/2022,
RMPrintable,https://docs.google.com/forms/d/1rHDzIt0H6FLMofCF2bcwczjWK397OciyRk--3NwjTyY/edit,,,,FALSE,FALSE,FALSE,FALSE,FALSE,FALSE,FALSE,FALSE,FALSE,Click Here,11/11/2022,
RN Estudio,https://docs.google.com/forms/d/1kEbjDLHNV8dx0QJb-gDmRy8DXqlufHctmwwJLBG0xEY/edit,,,,FALSE,FALSE,FALSE,FALSE,FALSE,FALSE,FALSE,FALSE,FALSE,Click Here,11/11/2022,
RoboFrog Miniatures,https://docs.google.com/forms/d/1-jzACU_4dEzDtPbeafHfkGBmh2LVUZ56d7ZmY8HAXGs/edit,,,,FALSE,FALSE,FALSE,FALSE,FALSE,FALSE,FALSE,FALSE,FALSE,Click Here,11/11/2022,
Rocket Pig Games,https://docs.google.com/forms/d/1Ibvk9oEL_QbM64UgVY6zbbsKqN56FeHf9p7IpYzpOXc/edit,,,,FALSE,FALSE,FALSE,FALSE,FALSE,FALSE,FALSE,FALSE,FALSE,Click Here,11/11/2022,
Roleplaying & Miniatures,https://docs.google.com/forms/d/1WHZbnFgslYRrnhCSTxSEA1TI3CrVYBh8p0l96hHrd1M/edit,,,,FALSE,FALSE,FALSE,FALSE,FALSE,FALSE,FALSE,FALSE,FALSE,Click Here,11/11/2022,
SabertoothCollectibles,https://docs.google.com/forms/d/1ip0bCPqCJRTloOwfQyWK_WaPkK_Be72e0RJoXEmzNow/edit,,,,FALSE,FALSE,FALSE,FALSE,FALSE,FALSE,FALSE,FALSE,FALSE,Click Here,11/11/2022,
Sacrusmundus,https://docs.google.com/forms/d/1tkcTSMPJvqFdspOzHBwqw2vUmTVBHGIAuis8A7Q9QoE/edit,,,,FALSE,FALSE,FALSE,FALSE,FALSE,FALSE,FALSE,FALSE,FALSE,Click Here,11/11/2022,
saintdecent,https://docs.google.com/forms/d/1bOC3Y2u1iRT1HA714PNdiHvXbtflsx52nzCuZRTvlA8/edit,,,,FALSE,FALSE,FALSE,FALSE,FALSE,FALSE,FALSE,FALSE,FALSE,Click Here,11/11/2022,
Sark's Foundry,https://docs.google.com/forms/d/1-uN7fKtu3T0Y5qx-xZ67qgzd8GCC97Ha7TVDMczEMF0/edit,,,,FALSE,FALSE,FALSE,FALSE,FALSE,FALSE,FALSE,FALSE,FALSE,Click Here,11/11/2022,
Sarks Foundry,https://docs.google.com/forms/d/1lxANW97ecxT0qtCkqitIU6rj-dKeAj6iT0Yx9-8Zui4/edit,,,,FALSE,FALSE,FALSE,FALSE,FALSE,FALSE,FALSE,FALSE,FALSE,Click Here,11/11/2022,
Saturnalia STUDIOS,https://docs.google.com/forms/d/1MTbWOQZHWCh6R3xIFw-slLaq6SGEWgldciBKl5xOyjQ/edit,,,,FALSE,FALSE,FALSE,FALSE,FALSE,FALSE,FALSE,FALSE,FALSE,Click Here,11/11/2022,
Saucermen Studios,https://docs.google.com/forms/d/1v0YO08uhmdD-VwgeP7YNwkpjABsFEC41g6BsFOvIga8/edit,,,,FALSE,FALSE,FALSE,FALSE,FALSE,FALSE,FALSE,FALSE,FALSE,Click Here,11/11/2022,
Scorn's Mecha Repository,https://docs.google.com/forms/d/1tURKb-VaQWvR6iDTqlW2BxmelE8-_FsegaClvmmbrd4/edit,,,,FALSE,FALSE,FALSE,FALSE,FALSE,FALSE,FALSE,FALSE,FALSE,Click Here,11/11/2022,
SCULPTOONER,https://docs.google.com/forms/d/1hvuM5Z99J0tGRJwpmdUTwaTph1g-TBIi5rK5nn1Vq2o/edit,,,,FALSE,FALSE,FALSE,FALSE,FALSE,FALSE,FALSE,FALSE,FALSE,Click Here,11/11/2022,
Scythe Designs,https://docs.google.com/forms/d/12TdictGfV9Y5YJmhM1yHNV5VLfRtdYn1kd7bz5UyS9A/edit,,,,FALSE,FALSE,FALSE,FALSE,FALSE,FALSE,FALSE,FALSE,FALSE,Click Here,11/11/2022,
Sean Harrison,https://docs.google.com/forms/d/1GdLnoUXXF3EODaVoqTobk5KH1Efgui31gm_Dyxv9oi0/edit,,,,FALSE,FALSE,FALSE,FALSE,FALSE,FALSE,FALSE,FALSE,FALSE,Click Here,11/11/2022,
Signum Workshop,https://docs.google.com/forms/d/1jGrgPJDo5VWNevwlUVSrVxA7qkucoEgrra99-Saf1Qg/edit,,,,FALSE,FALSE,FALSE,FALSE,FALSE,FALSE,FALSE,FALSE,FALSE,Click Here,11/11/2022,
SkullForge Studios,https://docs.google.com/forms/d/1bs6sRTPpN_vkq4odWTt_Z4J70I2qhw0Ii2kfVtSyrh0/edit,,,A TIER,FALSE,FALSE,FALSE,FALSE,FALSE,FALSE,FALSE,FALSE,FALSE,Click Here,11/11/2022,
Solwyte Studio,https://docs.google.com/forms/d/1bP_iNKJ7AwUBLiG29zgaVeJ9xR7BKKnboOzYsVbQ1Hg/edit,,,,FALSE,FALSE,FALSE,FALSE,FALSE,FALSE,FALSE,FALSE,FALSE,Click Here,11/11/2022,
Soul Forge Studio,https://docs.google.com/forms/d/1GqERqJxDjQSUqxiIyXlINJ_kf6NKuCg4777uEeH1138/edit,,,S TIER,FALSE,FALSE,FALSE,FALSE,FALSE,FALSE,FALSE,FALSE,FALSE,Click Here,11/11/2022,
Spirit of Resin,https://docs.google.com/forms/d/1MzdOkdHd560HOlW75CC5xydnbyDbFwzwevhzAROCH3k/edit,,,,FALSE,FALSE,FALSE,FALSE,FALSE,FALSE,FALSE,FALSE,FALSE,Click Here,11/11/2022,
Squamous Miniatures,https://docs.google.com/forms/d/1_ys4IXhV6MdJbKiKZFNqbV3VW0xvvuqDLs37yLrGx2E/edit,,,,FALSE,FALSE,FALSE,FALSE,FALSE,FALSE,FALSE,FALSE,FALSE,Click Here,11/11/2022,
SRS Studios,https://docs.google.com/forms/d/1on_0qVMXnlQLOOj_zG1yi5FBWHsVMsHgpmaQngF78WI/edit,,,,FALSE,FALSE,FALSE,FALSE,FALSE,FALSE,FALSE,FALSE,FALSE,Click Here,11/11/2022,
Star Pharaoh Foundry,https://docs.google.com/forms/d/1e4oWSzNEU-4RHC6etaVruYmQajBDC8Ch9561l6ZQ4Hc/edit,,,,FALSE,FALSE,FALSE,FALSE,FALSE,FALSE,FALSE,FALSE,FALSE,Click Here,11/11/2022,
StarCrawlerTerrain,https://docs.google.com/forms/d/1fqr4m0NS4ixELdl-kyDPWx2h9WC5ZVM7VZg641mLXV4/edit,,,,FALSE,FALSE,FALSE,FALSE,FALSE,FALSE,FALSE,FALSE,FALSE,Click Here,11/11/2022,
StationForge,https://docs.google.com/forms/d/1Woqg5G17YhcABrTKt-wXV9C1_NHbm6mc9_EWfxJ-arA/edit,,,A TIER,FALSE,FALSE,FALSE,FALSE,FALSE,FALSE,FALSE,FALSE,FALSE,Click Here,11/11/2022,
Statuesque Miniatures,https://docs.google.com/forms/d/1spbn_xNh5luVWyeKccpewLGJLuIJhJocuKJAZxsvqJg/edit,,,S TIER,FALSE,FALSE,FALSE,FALSE,FALSE,FALSE,FALSE,FALSE,FALSE,Click Here,11/11/2022,
Steve Snow,https://docs.google.com/forms/d/1oj0I9-lCexvKKnDxmQDv5kaDzsR7qHtfSSevw716xE8/edit,,,,FALSE,FALSE,FALSE,FALSE,FALSE,FALSE,FALSE,FALSE,FALSE,Click Here,11/11/2022,
STL Miniatures,https://docs.google.com/forms/d/1rUZFMtnPGi5IN8m0qiaM2foPv1FalHR2O58U04Boei4/edit,,,,FALSE,FALSE,FALSE,FALSE,FALSE,FALSE,FALSE,FALSE,FALSE,Click Here,11/11/2022,
Stonehaven Miniatures,https://docs.google.com/forms/d/1ftzlNVsBzLnjiFWMhbc-Zq6dSYdZ4liuYnUpsgJkmps/edit,,,,FALSE,FALSE,FALSE,FALSE,FALSE,FALSE,FALSE,FALSE,FALSE,Click Here,11/11/2022,
Storm Crow,https://docs.google.com/forms/d/1DqYJflHYVtjb_wQqsC2AEFrop5-izi6Xa0TMpLRH4ok/edit,,,,FALSE,FALSE,FALSE,FALSE,FALSE,FALSE,FALSE,FALSE,FALSE,Click Here,11/11/2022,
Stratation Design,https://docs.google.com/forms/d/1LME6FDWpFsfMeall16KuKr6dFQc0Q1009wfhahr2WOs/edit,,,,FALSE,FALSE,FALSE,FALSE,FALSE,FALSE,FALSE,FALSE,FALSE,Click Here,11/11/2022,
Studio Sol Union,https://docs.google.com/forms/d/1FWtlavOlh4vaOCY8Fessua6Fz5rU0WvYvFEBmFvDKVA/edit,,,,FALSE,FALSE,FALSE,FALSE,FALSE,FALSE,FALSE,FALSE,FALSE,Click Here,11/11/2022,
Surrogate Miniatures,https://docs.google.com/forms/d/1G5i4lqTJBA4yTOgWK02Zv7_VT_DKl4pWbfxGhHJjq7U/edit,A TIER,29/08/22,,FALSE,TRUE,FALSE,FALSE,TRUE,TRUE,FALSE,FALSE,FALSE,Click Here,11/11/2022,https://youtu.be/SnGM3D-hHKA
Suttungr Miniatures,https://docs.google.com/forms/d/1J7LreOHran3A9KKpQqAchs-55TEkajEwvFob0OYYbdQ/edit,,,,FALSE,FALSE,FALSE,FALSE,FALSE,FALSE,FALSE,FALSE,FALSE,Click Here,11/11/2022,
Syllogy (Matt Mason),https://docs.google.com/forms/d/1CecOhA0GzVM31168J1jS1dyQ5_eaiw1KTs6fTv9AVpc/edit,,,,FALSE,FALSE,FALSE,FALSE,FALSE,FALSE,FALSE,FALSE,FALSE,Click Here,11/11/2022,
Tabletop Terrain,https://docs.google.com/forms/d/1p4k9gRJhR5ujbFA-WZQxa4B1Q6ySwOSEkpH_tH_IK-8/edit,,,,FALSE,FALSE,FALSE,FALSE,FALSE,FALSE,FALSE,FALSE,FALSE,Click Here,11/11/2022,
Tabletop Terrain Team,https://docs.google.com/forms/d/14felIqHj6GxNNBAcZvdzR-8AiGmOVPTz5A81DF3Z89I/edit,,,,FALSE,FALSE,FALSE,FALSE,FALSE,FALSE,FALSE,FALSE,FALSE,Click Here,11/11/2022,
Tagged Events,https://docs.google.com/forms/d/1yiPsDjZwBRpkKLJKZ6vjPT554dwrT4pCL3iSZWiiy4U/edit,,,,FALSE,FALSE,FALSE,FALSE,FALSE,FALSE,FALSE,FALSE,FALSE,Click Here,11/11/2022,
Teirale,https://docs.google.com/forms/d/1TiTJGx1lFtOUNc87m6tVoqoPtuN6wNlpkawcPnIJLkk/edit,,,,FALSE,FALSE,FALSE,FALSE,FALSE,FALSE,FALSE,FALSE,FALSE,Click Here,11/11/2022,
Terrainify,https://docs.google.com/forms/d/1HIgoAo0Pj5RKl2SIYsArBTlUxuGut4mldel7ih9dJ2A/edit,,,,FALSE,FALSE,FALSE,FALSE,FALSE,FALSE,FALSE,FALSE,FALSE,Click Here,11/11/2022,
ThatEvilOne,https://docs.google.com/forms/d/1Y8tNUWIcx7Q0neMbcoIAgyXn2JkNuVbF1M0mXVDAaMw/edit,,,,FALSE,FALSE,FALSE,FALSE,FALSE,FALSE,FALSE,FALSE,FALSE,Click Here,11/11/2022,
THAYRON HABACUQUE BASTOS TELES,https://docs.google.com/forms/d/1SaEBBfxuDZ1c-HJAtlunw1hFksLi2oR6-7skIrbHGC4/edit,,,,FALSE,FALSE,FALSE,FALSE,FALSE,FALSE,FALSE,FALSE,FALSE,Click Here,11/11/2022,
The Ataraxy Emporium,https://docs.google.com/forms/d/1aYi7Uc3GYr7wmpcSrEgSfnKdXEJ-DIsnEED7Girj8bs/edit,,,,FALSE,FALSE,FALSE,FALSE,FALSE,FALSE,FALSE,FALSE,FALSE,Click Here,11/11/2022,
The Cavy Forge,https://docs.google.com/forms/d/1YvcHsgiGwIVdFs2MbYG-EazSC8KEo4A4UZezCPcwwj8/edit,,,,FALSE,FALSE,FALSE,FALSE,FALSE,FALSE,FALSE,FALSE,FALSE,Click Here,11/11/2022,
The DM's Den,https://docs.google.com/forms/d/1aWmkLI01PiVIBI99J0JYFbxgl2FiVg2QgRxdd70jXf4/edit,,,,FALSE,FALSE,FALSE,FALSE,FALSE,FALSE,FALSE,FALSE,FALSE,Click Here,11/11/2022,
The Dork Factory,https://docs.google.com/forms/d/1X3o6O3SLjd0BR_fZoSg_4u0QpySwnUN9eA03eGxw0fA/edit,,,,FALSE,FALSE,FALSE,FALSE,FALSE,FALSE,FALSE,FALSE,FALSE,Click Here,11/11/2022,
The Dragon Trappers Lodge,https://docs.google.com/forms/d/1aYB9F6v7PFa-BWXnxQG6NtOv6UcoVkWFDAa6IHEjIVE/edit,,,,FALSE,FALSE,FALSE,FALSE,FALSE,FALSE,FALSE,FALSE,FALSE,Click Here,11/11/2022,
The Dragon's Den,https://docs.google.com/forms/d/1BzTY8UmcRaGA-csdrtFASBO133Bo3_E4lQahyGTIoCE/edit,,,,FALSE,FALSE,FALSE,FALSE,FALSE,FALSE,FALSE,FALSE,FALSE,Click Here,11/11/2022,
The Hive,https://docs.google.com/forms/d/1oAcBAeoW_22JIlrpucrLUUxrvrMlws6M0QRSBWCdSpE/edit,,,,FALSE,FALSE,FALSE,FALSE,FALSE,FALSE,FALSE,FALSE,FALSE,Click Here,11/11/2022,
The Lazy Forger,https://docs.google.com/forms/d/1J8Ys5eu093o_KCQ-YxJ7KDPTNm6TC5EeADfjTHOdXls/edit,,,,FALSE,FALSE,FALSE,FALSE,FALSE,FALSE,FALSE,FALSE,FALSE,Click Here,11/11/2022,
The Lelanian Industrial Complex,https://docs.google.com/forms/d/1C9diy9A3fKQqQEVxDhzx5YuH4T_KeXSNaMnHPN5MGr0/edit,,,,FALSE,FALSE,FALSE,FALSE,FALSE,FALSE,FALSE,FALSE,FALSE,Click Here,11/11/2022,
The Lion's Tower,https://docs.google.com/forms/d/1L9zPW4fzB95ktr4-sLLclwlBMJ0KTB6STlMVsEuCu2M/edit,,,,FALSE,FALSE,FALSE,FALSE,FALSE,FALSE,FALSE,FALSE,FALSE,Click Here,11/11/2022,
The Makers Cult,https://docs.google.com/forms/d/11Uj9YYfoTCAcEb8yn2m2LKy1qjpzGtP_HysH4QnCknc/edit,,,S TIER,FALSE,FALSE,FALSE,FALSE,FALSE,FALSE,FALSE,FALSE,FALSE,Click Here,11/11/2022,
The Master Forge,https://docs.google.com/forms/d/1eXTtKAsMIVSD2xJXgk5aaw52OLcm_Z10cjYgFxAOIow/edit,,,,FALSE,FALSE,FALSE,FALSE,FALSE,FALSE,FALSE,FALSE,FALSE,Click Here,11/11/2022,
The Mines,https://docs.google.com/forms/d/14rcXAps0zHGTdChdkKmSBpOtiH2yKrCMSY1Z94FC_M4/edit,,,,FALSE,FALSE,FALSE,FALSE,FALSE,FALSE,FALSE,FALSE,FALSE,Click Here,11/11/2022,
The Miniature Underground,https://docs.google.com/forms/d/1jaY9LKpTxLA_q5ZvRQL58CoccatocwUD7TrliEUjIgo/edit,,,,FALSE,FALSE,FALSE,FALSE,FALSE,FALSE,FALSE,FALSE,FALSE,Click Here,11/11/2022,
The Pilgrim Terrain (Jason Beckers),https://docs.google.com/forms/d/1yDX4Gj-KER2664ox1wy9YcdvSPkIqeX91zQJg2rE3mU/edit,,,,FALSE,FALSE,FALSE,FALSE,FALSE,FALSE,FALSE,FALSE,FALSE,Click Here,11/11/2022,
The Printing Goes Ever On,https://docs.google.com/forms/d/1kg3OxW7RZVxc4esX28w6PO8IocpL9i-nUZYAojphufw/edit,,,S TIER,FALSE,FALSE,FALSE,FALSE,FALSE,FALSE,FALSE,FALSE,FALSE,Click Here,11/11/2022,
The Twisted Tavern,https://docs.google.com/forms/d/1PhPRnUmeti9oOwBJw7fTRbcjnTSAtSuNy7ptCXRC1Rg/edit,,,,FALSE,FALSE,FALSE,FALSE,FALSE,FALSE,FALSE,FALSE,FALSE,Click Here,11/11/2022,
Theis Haagh Jakobsen,https://docs.google.com/forms/d/1mhGz32OxDmj5uPTo3g0vQJTRGBOLt9aT7OVxsAgnfEI/edit,,,,FALSE,FALSE,FALSE,FALSE,FALSE,FALSE,FALSE,FALSE,FALSE,Click Here,11/11/2022,
TheSurrealFactory,https://docs.google.com/forms/d/1wsL1G4apxJkfkcR1yBKcfhpkkC3CFBjKyUJLnccrFMM/edit,,,,FALSE,FALSE,FALSE,FALSE,FALSE,FALSE,FALSE,FALSE,FALSE,Click Here,11/11/2022,
Tigerskull RPG,https://docs.google.com/forms/d/1Vv6hjNk-0d1POmpy_bgMEufqm_D05FgGJzgm6jEQy-g/edit,,,,FALSE,FALSE,FALSE,FALSE,FALSE,FALSE,FALSE,FALSE,FALSE,Click Here,11/11/2022,
Tiny Furniture Digital,https://docs.google.com/forms/d/1Nv7lqoh6r2sOuK1RNKU8SqUTNlk2u9ts_Pv837pz8c8/edit,,,,FALSE,FALSE,FALSE,FALSE,FALSE,FALSE,FALSE,FALSE,FALSE,Click Here,11/11/2022,
Tiny MiniMaker,https://docs.google.com/forms/d/173hWw1nN4J8MQCbYvb43TEQmLr3vdJD9c_lppK-eYKs/edit,,,,FALSE,FALSE,FALSE,FALSE,FALSE,FALSE,FALSE,FALSE,FALSE,Click Here,11/11/2022,
Titan-Forge Miniatures,https://docs.google.com/forms/d/1rs3saJ_NFJLnI1U-K4eZJf0HhfbPzwb05P1CGUgUmLA/edit,,,S TIER,FALSE,FALSE,FALSE,FALSE,FALSE,FALSE,FALSE,FALSE,FALSE,Click Here,11/11/2022,
Torchlight Models,https://docs.google.com/forms/d/1D4IuKXjoyYKUIfIxrpzo6OUgG-xSTC4Hp7ttxtEQ-jo/edit,,,,FALSE,FALSE,FALSE,FALSE,FALSE,FALSE,FALSE,FALSE,FALSE,Click Here,11/11/2022,
Tordo Minis,https://docs.google.com/forms/d/1DqVUtepQGQZl2cokCcITTcSoCmMZH5I87k6Jro8QlUs/edit,,,,FALSE,FALSE,FALSE,FALSE,FALSE,FALSE,FALSE,FALSE,FALSE,Click Here,11/11/2022,
TPK Lab,https://docs.google.com/forms/d/1EyZn8K8MEC-brQRxj-q3-xSVPn3aSx3WFrMU9b1Iw-I/edit,,,,FALSE,FALSE,FALSE,FALSE,FALSE,FALSE,FALSE,FALSE,FALSE,Click Here,11/11/2022,
Tri Fin Studio,https://docs.google.com/forms/d/1x1-gmkJxGBudgay52MAGEW2h5HpAgTNemW2aKmWHMgo/edit,,,,FALSE,FALSE,FALSE,FALSE,FALSE,FALSE,FALSE,FALSE,FALSE,Click Here,11/11/2022,
Trident Miniatures,https://docs.google.com/forms/d/1thnjpJsI0LtBTgn5Los2HPHVkXjVaeh0eJ6bO0DHHiY/edit,,,,FALSE,FALSE,FALSE,FALSE,FALSE,FALSE,FALSE,FALSE,FALSE,Click Here,11/11/2022,
Triple Spire Workshop,https://docs.google.com/forms/d/1IxIl_BC7SAWa7dDl3ckN8Z6CCv6zZNTgygTX19dsdk0/edit,,,,FALSE,FALSE,FALSE,FALSE,FALSE,FALSE,FALSE,FALSE,FALSE,Click Here,11/11/2022,
TurnBase Miniatures,https://docs.google.com/forms/d/1njYDthHzh3rMGnNDajOCRRp7cZkeZUWL97Bd54GvbkY/edit,,,,FALSE,FALSE,FALSE,FALSE,FALSE,FALSE,FALSE,FALSE,FALSE,Click Here,11/11/2022,
Twin Goddess Miniatures,https://docs.google.com/forms/d/1vaxN9ckCCftel0HmdIAN463zVFvav3I86YgpiG2hJ_c/edit,,,,FALSE,FALSE,FALSE,FALSE,FALSE,FALSE,FALSE,FALSE,FALSE,Click Here,11/11/2022,
Txarli Factory,https://docs.google.com/forms/d/1rLpIdXSHdaX6FyT38hRspYaopsJGVLIimj8ROJNjF9A/edit,,,,FALSE,FALSE,FALSE,FALSE,FALSE,FALSE,FALSE,FALSE,FALSE,Click Here,11/11/2022,
TytanTroll Miniatures,https://docs.google.com/forms/d/1XSA-MruuR9K2SQ12fOYsOiJlSxxIX2VMQn7WHSaT1f0/edit,,,A TIER,FALSE,FALSE,FALSE,FALSE,FALSE,FALSE,FALSE,FALSE,FALSE,Click Here,11/11/2022,
UGNI,https://docs.google.com/forms/d/1_qxy1-4IHbzr41URi-nBQIJOiymnkaLXuD-lzfI6uJk/edit,,,,FALSE,FALSE,FALSE,FALSE,FALSE,FALSE,FALSE,FALSE,FALSE,Click Here,11/11/2022,
UNIT9,https://docs.google.com/forms/d/1KtW-EJV5ZkrKRNawF2tv5PqoSPTryGJDYNo7GjwSo-I/edit,,,,FALSE,FALSE,FALSE,FALSE,FALSE,FALSE,FALSE,FALSE,FALSE,Click Here,11/11/2022,
Vae Victis Miniatures,https://docs.google.com/forms/d/1Nz9ZxZK5sNqXONzrXyVH8WwtgPjNsEF1X9clpQFzuEI/edit,,,,FALSE,FALSE,FALSE,FALSE,FALSE,FALSE,FALSE,FALSE,FALSE,Click Here,11/11/2022,
Varus Miniatures,https://docs.google.com/forms/d/1cEF4rfjBwGjW7tjxyi4tmzBK0kOQONLt2LQzhA0nOHE/edit,,,,FALSE,FALSE,FALSE,FALSE,FALSE,FALSE,FALSE,FALSE,FALSE,Click Here,11/11/2022,
VDrago Minis,https://docs.google.com/forms/d/1EAwgeaMBlmJAfIK2pwxT1xJvK_gnWJG81YqJzXcCGPA/edit,,,,FALSE,FALSE,FALSE,FALSE,FALSE,FALSE,FALSE,FALSE,FALSE,Click Here,11/11/2022,
Velrock Art,https://docs.google.com/forms/d/1qvrfMKX9EHHDw21gbaLJ3qovlHDj7VxfM78ATe4AjYw/edit,,,,FALSE,FALSE,FALSE,FALSE,FALSE,FALSE,FALSE,FALSE,FALSE,Click Here,11/11/2022,
Vermilion_miniatures,https://docs.google.com/forms/d/1k4NKS9BjyypV7kZKs2TzCG4M5L0xX4674Fi0PDBBRKw/edit,,,,FALSE,FALSE,FALSE,FALSE,FALSE,FALSE,FALSE,FALSE,FALSE,Click Here,11/11/2022,
Vesper Project,https://docs.google.com/forms/d/1TSgSFjS_vuiYhsjqEw1oiq2v-k3d4cW59TboHyXgJ3A/edit,,,,FALSE,FALSE,FALSE,FALSE,FALSE,FALSE,FALSE,FALSE,FALSE,Click Here,11/11/2022,
Villain Design & Prints,https://docs.google.com/forms/d/1YiD6sW_EJIfgZkm75OfL03dITwk6UuRLVyS1s7XLVlQ/edit,,,,FALSE,FALSE,FALSE,FALSE,FALSE,FALSE,FALSE,FALSE,FALSE,Click Here,11/11/2022,
vinciminiatures,https://docs.google.com/forms/d/12o20xmtuAyQfai0J9-U0p6fxyIs2lRGeWVnn1o6fv7E/edit,,,,FALSE,FALSE,FALSE,FALSE,FALSE,FALSE,FALSE,FALSE,FALSE,Click Here,11/11/2022,
VoidRealm Minis,https://docs.google.com/forms/d/1nbYj6GDqkAtyExh_3AVgpvFFqBOisHl8AX9lu177g6w/edit,,,,FALSE,FALSE,FALSE,FALSE,FALSE,FALSE,FALSE,FALSE,FALSE,Click Here,11/11/2022,
Wake's Emporium,https://docs.google.com/forms/d/1iJBsNZZHLJ8yGlDJMLlBD7wMIpOhRw-4kcmrMwR1L68/edit,,,,FALSE,FALSE,FALSE,FALSE,FALSE,FALSE,FALSE,FALSE,FALSE,Click Here,11/11/2022,
War Bear Studios,https://docs.google.com/forms/d/11M0pyM90POP8pPmU-YqN0yNvat_bSYI80HZVVUho8rw/edit,,,,FALSE,FALSE,FALSE,FALSE,FALSE,FALSE,FALSE,FALSE,FALSE,Click Here,11/11/2022,
Wargame Forge,https://docs.google.com/forms/d/1kAA0rcTBNxWSr6MMfLK4Ay9WsEf_r7-sGFQlXv-5pBA/edit,,,,FALSE,FALSE,FALSE,FALSE,FALSE,FALSE,FALSE,FALSE,FALSE,Click Here,11/11/2022,
Warp Miniatures,https://docs.google.com/forms/d/1xipVMNrEl3jidAiymnhqtyzyt5kJ6qc84rHd36k5juo/edit,,,,FALSE,FALSE,FALSE,FALSE,FALSE,FALSE,FALSE,FALSE,FALSE,Click Here,11/11/2022,
White Werewolf Tavern,https://docs.google.com/forms/d/1rX66by8af7Bb2UoWeJF-AYrkJTCiz0nly7tw0-o7R54/edit,,,,FALSE,FALSE,FALSE,FALSE,FALSE,FALSE,FALSE,FALSE,FALSE,Click Here,11/11/2022,
WildMesh,https://docs.google.com/forms/d/1YqWvMwNjdMFoKgau7_H__YcfUf6eNr465FPYK4wEit0/edit,,,,FALSE,FALSE,FALSE,FALSE,FALSE,FALSE,FALSE,FALSE,FALSE,Click Here,11/11/2022,
Witchsong Miniatures,https://docs.google.com/forms/d/1mV8OF3zwEbqjdxvoCyqAYTcD1x03clpprEhsiB7kW8U/edit,,,,FALSE,FALSE,FALSE,FALSE,FALSE,FALSE,FALSE,FALSE,FALSE,Click Here,11/11/2022,
World Forge Miniatures,https://docs.google.com/forms/d/1yVNnMe16yhhj7fXqy4NLdUYIUr9O0cbKyWrjD14RLb8/edit,,,,FALSE,FALSE,FALSE,FALSE,FALSE,FALSE,FALSE,FALSE,FALSE,Click Here,11/11/2022,
Xarys Games,https://docs.google.com/forms/d/1lv-HBowTJrAf88qoCE92uXcvBXhE4tKA9wqM9FBDeXU/edit,,,,FALSE,FALSE,FALSE,FALSE,FALSE,FALSE,FALSE,FALSE,FALSE,Click Here,11/11/2022,
Yasashii Kyojin Studio,https://docs.google.com/forms/d/1t2L113tldjYpUZFTxGxSYw-sZrvvV_BMReUDVbZ9iwk/edit,,,,FALSE,FALSE,FALSE,FALSE,FALSE,FALSE,FALSE,FALSE,FALSE,Click Here,11/11/2022,
YourNeighborKnight Minis,https://docs.google.com/forms/d/1vTBNNnQbJwByvqBK-ddzkkHOjjQDcyQREOv70EPLgFk/edit,,,,FALSE,FALSE,FALSE,FALSE,FALSE,FALSE,FALSE,FALSE,FALSE,Click Here,11/11/2022,
Z_Axis,https://docs.google.com/forms/d/1Oggmk7r7B9WfZke8ewlzTWStoWPQElOSi0Rkl4kEGUk/edit,,,,FALSE,FALSE,FALSE,FALSE,FALSE,FALSE,FALSE,FALSE,FALSE,Click Here,11/11/2022,
ZBSminiatures,https://docs.google.com/forms/d/1MZ73ofMDcLjxD9T2ciIb9jeBDSql1jD3b_-gKEPf19Q/edit,,,,FALSE,FALSE,FALSE,FALSE,FALSE,FALSE,FALSE,FALSE,FALSE,Click Here,11/11/2022,